country,iso,cown,year,advanced,emerging,low_income,imf_debt,imf_deficit,oecd_deficit
Argentina,ARG,160,2006,0,1,0,76.4,-1,NA
Argentina,ARG,160,2007,0,1,0,67.4,-2.1,NA
Argentina,ARG,160,2008,0,1,0,58.5,-0.9,NA
Argentina,ARG,160,2009,0,1,0,58.7,-3.6,NA
Argentina,ARG,160,2010,0,1,0,49.2,-1.4,NA
Argentina,ARG,160,2011,0,1,0,44.9,-3.5,NA
Argentina,ARG,160,2012,0,1,0,44.9,-4.3,NA
Argentina,ARG,160,2013,0,1,0,42.4,-2.7,NA
Argentina,ARG,160,2014,0,1,0,41.7,-2.4,NA
Argentina,ARG,160,2015,0,1,0,40.5,-2.9,NA
Argentina,ARG,160,2016,0,1,0,39,-2.5,NA
Argentina,ARG,160,2017,0,1,0,37.3,-2.2,NA
Argentina,ARG,160,2018,0,1,0,35.4,-1.9,NA
Armenia,ARM,371,2006,0,0,1,16.2,-2,NA
Armenia,ARM,371,2007,0,0,1,14.2,-2.3,NA
Armenia,ARM,371,2008,0,0,1,14.6,-1.8,NA
Armenia,ARM,371,2009,0,0,1,34.1,-7.7,NA
Armenia,ARM,371,2010,0,0,1,33.7,-5,NA
Armenia,ARM,371,2011,0,0,1,35.5,-2.9,NA
Armenia,ARM,371,2012,0,0,1,39.5,-1.5,NA
Armenia,ARM,371,2013,0,0,1,42.6,-2.8,NA
Armenia,ARM,371,2014,0,0,1,45.2,-2.3,NA
Armenia,ARM,371,2015,0,0,1,44.5,-2,NA
Armenia,ARM,371,2016,0,0,1,44.8,-2,NA
Armenia,ARM,371,2017,0,0,1,43.8,-2,NA
Armenia,ARM,371,2018,0,0,1,44.7,-2,NA
Australia,AUS,900,1970,1,0,0,NA,NA,-1.530865423
Australia,AUS,900,1971,1,0,0,NA,NA,-1.497537832
Australia,AUS,900,1972,1,0,0,NA,NA,-1.96441138
Australia,AUS,900,1973,1,0,0,NA,NA,-0.828119555
Australia,AUS,900,1974,1,0,0,NA,NA,-3.450893296
Australia,AUS,900,1975,1,0,0,NA,NA,-4.302212395
Australia,AUS,900,1976,1,0,0,NA,NA,-4.178032275
Australia,AUS,900,1977,1,0,0,NA,NA,-5.077555223
Australia,AUS,900,1978,1,0,0,NA,NA,-4.767286898
Australia,AUS,900,1979,1,0,0,NA,NA,-3.156484858
Australia,AUS,900,1980,1,0,0,NA,NA,-3.331251438
Australia,AUS,900,1981,1,0,0,NA,NA,-3.730136128
Australia,AUS,900,1982,1,0,0,NA,NA,-5.699328433
Australia,AUS,900,1983,1,0,0,NA,NA,-6.086018985
Australia,AUS,900,1984,1,0,0,NA,NA,-5.793584914
Australia,AUS,900,1985,1,0,0,NA,NA,-5.204205185
Australia,AUS,900,1986,1,0,0,NA,NA,-3.525985459
Australia,AUS,900,1987,1,0,0,NA,NA,-1.786717539
Australia,AUS,900,1988,1,0,0,NA,NA,-1.036203182
Australia,AUS,900,1989,1,0,0,NA,NA,-2.089202692
Australia,AUS,900,1990,1,0,0,NA,NA,-3.316213915
Australia,AUS,900,1991,1,0,0,NA,NA,-5.801547679
Australia,AUS,900,1992,1,0,0,NA,NA,-6.181095614
Australia,AUS,900,1993,1,0,0,NA,NA,-4.421976116
Australia,AUS,900,1994,1,0,0,NA,NA,-4.152521296
Australia,AUS,900,1995,1,0,0,NA,NA,-2.905047204
Australia,AUS,900,1996,1,0,0,NA,NA,-1.128777524
Australia,AUS,900,1997,1,0,0,NA,NA,0.173440776
Australia,AUS,900,1998,1,0,0,NA,NA,0.724587408
Australia,AUS,900,1999,1,0,0,NA,NA,2.002393854
Australia,AUS,900,2000,1,0,0,NA,NA,-1.230479336
Australia,AUS,900,2001,1,0,0,NA,NA,-0.798601486
Australia,AUS,900,2002,1,0,0,NA,NA,0.720309557
Australia,AUS,900,2003,1,0,0,NA,NA,0.820027551
Australia,AUS,900,2004,1,0,0,NA,NA,0.973786349
Australia,AUS,900,2005,1,0,0,NA,NA,1.692545789
Australia,AUS,900,2006,1,0,0,10,1.8,1.642821927
Australia,AUS,900,2007,1,0,0,9.7,1.3,0.708151568
Australia,AUS,900,2008,1,0,0,11.8,-0.8,-3.753709364
Australia,AUS,900,2009,1,0,0,16.8,-4.1,-5.50005042
Australia,AUS,900,2010,1,0,0,20.5,-4.7,-4.38468158
Australia,AUS,900,2011,1,0,0,24.1,-4.2,-4.563602352
Australia,AUS,900,2012,1,0,0,27.2,-2.9,-2.859346416
Australia,AUS,900,2013,1,0,0,27.6,-1.1,-2.834232373
Australia,AUS,900,2014,1,0,0,26.7,-0.2,-2.363137133
Australia,AUS,900,2015,1,0,0,25.1,0.3,-2.241438319
Australia,AUS,900,2016,1,0,0,23.6,0.5,-1.440910365
Australia,AUS,900,2017,1,0,0,21.9,0.7,NA
Australia,AUS,900,2018,1,0,0,17.1,0.8,NA
Austria,AUT,305,1995,1,0,0,NA,NA,-6.133971278
Austria,AUT,305,1996,1,0,0,NA,NA,-4.503610369
Austria,AUT,305,1997,1,0,0,NA,NA,-2.575791199
Austria,AUT,305,1998,1,0,0,NA,NA,-2.696226841
Austria,AUT,305,1999,1,0,0,NA,NA,-2.595886654
Austria,AUT,305,2000,1,0,0,NA,NA,-2.404669559
Austria,AUT,305,2001,1,0,0,NA,NA,-0.661575545
Austria,AUT,305,2002,1,0,0,NA,NA,-1.381174923
Austria,AUT,305,2003,1,0,0,NA,NA,-1.786425452
Austria,AUT,305,2004,1,0,0,NA,NA,-4.804986015
Austria,AUT,305,2005,1,0,0,NA,NA,-2.508353536
Austria,AUT,305,2006,1,0,0,62.3,-1.7,-2.535440659
Austria,AUT,305,2007,1,0,0,60.2,-1,-1.354608599
Austria,AUT,305,2008,1,0,0,63.8,-1,-1.495265332
Austria,AUT,305,2009,1,0,0,69.2,-4.1,-5.329709674
Austria,AUT,305,2010,1,0,0,72,-4.5,-4.441277197
Austria,AUT,305,2011,1,0,0,72.4,-2.5,-2.55356277
Austria,AUT,305,2012,1,0,0,73.7,-2.5,-2.189058043
Austria,AUT,305,2013,1,0,0,74.2,-2.2,-1.950077521
Austria,AUT,305,2014,1,0,0,73.7,-1.5,-2.685392915
Austria,AUT,305,2015,1,0,0,72.7,-1.1,-1.033759247
Austria,AUT,305,2016,1,0,0,71.8,-1,-1.642943845
Austria,AUT,305,2017,1,0,0,70.6,-1,NA
Austria,AUT,305,2018,1,0,0,69.4,-1,NA
Belgium,BEL,211,1995,1,0,0,NA,NA,-4.445887311
Belgium,BEL,211,1996,1,0,0,NA,NA,-3.931326131
Belgium,BEL,211,1997,1,0,0,NA,NA,-2.124940313
Belgium,BEL,211,1998,1,0,0,NA,NA,-0.947973812
Belgium,BEL,211,1999,1,0,0,NA,NA,-0.550883198
Belgium,BEL,211,2000,1,0,0,NA,NA,-0.071914864
Belgium,BEL,211,2001,1,0,0,NA,NA,0.171903665
Belgium,BEL,211,2002,1,0,0,NA,NA,0.045298368
Belgium,BEL,211,2003,1,0,0,NA,NA,-1.761025204
Belgium,BEL,211,2004,1,0,0,NA,NA,-0.158146274
Belgium,BEL,211,2005,1,0,0,NA,NA,-2.757665962
Belgium,BEL,211,2006,1,0,0,88,0.3,0.223013322
Belgium,BEL,211,2007,1,0,0,84,-0.1,0.068897995
Belgium,BEL,211,2008,1,0,0,89.2,-1.1,-1.099964724
Belgium,BEL,211,2009,1,0,0,95.7,-5.6,-5.379735312
Belgium,BEL,211,2010,1,0,0,95.5,-3.9,-3.997337719
Belgium,BEL,211,2011,1,0,0,97.8,-3.9,-4.12572938
Belgium,BEL,211,2012,1,0,0,99.6,-4,-4.226476329
Belgium,BEL,211,2013,1,0,0,100.3,-2.6,-3.137586347
Belgium,BEL,211,2014,1,0,0,99.8,-2.1,-3.056322919
Belgium,BEL,211,2015,1,0,0,99,-1.7,-2.471644732
Belgium,BEL,211,2016,1,0,0,97.5,-1,-2.489549659
Belgium,BEL,211,2017,1,0,0,95.3,-0.4,NA
Belgium,BEL,211,2018,1,0,0,92.7,0,NA
Burkina Faso,BFA,439,2006,0,0,1,22.6,16.1,NA
Burkina Faso,BFA,439,2007,0,0,1,22,-6.7,NA
Burkina Faso,BFA,439,2008,0,0,1,23.6,-4.3,NA
Burkina Faso,BFA,439,2009,0,0,1,26.1,-5.3,NA
Burkina Faso,BFA,439,2010,0,0,1,27.1,-4.7,NA
Burkina Faso,BFA,439,2011,0,0,1,29.3,-2.5,NA
Burkina Faso,BFA,439,2012,0,0,1,27.7,-3.1,NA
Burkina Faso,BFA,439,2013,0,0,1,25.2,-2.6,NA
Burkina Faso,BFA,439,2014,0,0,1,24.3,-3,NA
Burkina Faso,BFA,439,2015,0,0,1,23.8,-2.9,NA
Burkina Faso,BFA,439,2016,0,0,1,23.4,-2.7,NA
Burkina Faso,BFA,439,2017,0,0,1,23.1,-2.3,NA
Burkina Faso,BFA,439,2018,0,0,1,22.9,-2.2,NA
Bulgaria,BGR,355,2006,0,1,0,23.4,3.3,NA
Bulgaria,BGR,355,2007,0,1,0,18.6,3.3,NA
Bulgaria,BGR,355,2008,0,1,0,15.5,2.9,NA
Bulgaria,BGR,355,2009,0,1,0,15.6,-0.9,NA
Bulgaria,BGR,355,2010,0,1,0,14.9,-3.9,NA
Bulgaria,BGR,355,2011,0,1,0,15.4,-2,NA
Bulgaria,BGR,355,2012,0,1,0,18.5,-0.5,NA
Bulgaria,BGR,355,2013,0,1,0,17.8,-1.4,NA
Bulgaria,BGR,355,2014,0,1,0,20.2,-0.6,NA
Bulgaria,BGR,355,2015,0,1,0,18.3,0,NA
Bulgaria,BGR,355,2016,0,1,0,17.7,0.5,NA
Bulgaria,BGR,355,2017,0,1,0,14.6,0.8,NA
Bulgaria,BGR,355,2018,0,1,0,11.9,0.9,NA
Bolivia,BOL,145,2006,0,0,1,55.2,4.5,NA
Bolivia,BOL,145,2007,0,0,1,40.5,1.7,NA
Bolivia,BOL,145,2008,0,0,1,37.2,3.6,NA
Bolivia,BOL,145,2009,0,0,1,40,0.2,NA
Bolivia,BOL,145,2010,0,0,1,38.5,1.7,NA
Bolivia,BOL,145,2011,0,0,1,34.7,0.8,NA
Bolivia,BOL,145,2012,0,0,1,33.1,1.8,NA
Bolivia,BOL,145,2013,0,0,1,34.2,1.5,NA
Bolivia,BOL,145,2014,0,0,1,33.3,1.4,NA
Bolivia,BOL,145,2015,0,0,1,32.2,1.3,NA
Bolivia,BOL,145,2016,0,0,1,31.1,1.2,NA
Bolivia,BOL,145,2017,0,0,1,29.9,1.1,NA
Bolivia,BOL,145,2018,0,0,1,28.5,1,NA
Brazil,BRA,140,2006,0,1,0,66.7,-3.5,NA
Brazil,BRA,140,2007,0,1,0,65.2,-2.7,NA
Brazil,BRA,140,2008,0,1,0,63.5,-1.4,NA
Brazil,BRA,140,2009,0,1,0,66.9,-3.1,NA
Brazil,BRA,140,2010,0,1,0,65.2,-2.7,-2.959998168
Brazil,BRA,140,2011,0,1,0,64.9,-2.5,-2.538946554
Brazil,BRA,140,2012,0,1,0,68.5,-2.8,-2.317914081
Brazil,BRA,140,2013,0,1,0,67.2,-1.2,-3.308938617
Brazil,BRA,140,2014,0,1,0,65.9,-1.7,-5.87713726
Brazil,BRA,140,2015,0,1,0,64.5,-1.8,NA
Brazil,BRA,140,2016,0,1,0,62.7,-1.6,NA
Brazil,BRA,140,2017,0,1,0,61.3,-1.5,NA
Brazil,BRA,140,2018,0,1,0,60.4,-1.4,NA
Canada,CAN,20,1981,1,0,0,NA,NA,-2.902040472
Canada,CAN,20,1982,1,0,0,NA,NA,-6.923440881
Canada,CAN,20,1983,1,0,0,NA,NA,-8.02900229
Canada,CAN,20,1984,1,0,0,NA,NA,-7.970137514
Canada,CAN,20,1985,1,0,0,NA,NA,-8.791647844
Canada,CAN,20,1986,1,0,0,NA,NA,-7.352083135
Canada,CAN,20,1987,1,0,0,NA,NA,-5.769977235
Canada,CAN,20,1988,1,0,0,NA,NA,-4.528980575
Canada,CAN,20,1989,1,0,0,NA,NA,-4.736288276
Canada,CAN,20,1990,1,0,0,NA,NA,-5.932781816
Canada,CAN,20,1991,1,0,0,NA,NA,-8.389524249
Canada,CAN,20,1992,1,0,0,NA,NA,-9.230201992
Canada,CAN,20,1993,1,0,0,NA,NA,-8.963911212
Canada,CAN,20,1994,1,0,0,NA,NA,-6.957633055
Canada,CAN,20,1995,1,0,0,NA,NA,-5.507175746
Canada,CAN,20,1996,1,0,0,NA,NA,-3.062578251
Canada,CAN,20,1997,1,0,0,NA,NA,0.038831643
Canada,CAN,20,1998,1,0,0,NA,NA,0.143177975
Canada,CAN,20,1999,1,0,0,NA,NA,1.661297259
Canada,CAN,20,2000,1,0,0,NA,NA,2.648542245
Canada,CAN,20,2001,1,0,0,NA,NA,0.531343571
Canada,CAN,20,2002,1,0,0,NA,NA,-0.234729943
Canada,CAN,20,2003,1,0,0,NA,NA,-0.127407893
Canada,CAN,20,2004,1,0,0,NA,NA,0.770295182
Canada,CAN,20,2005,1,0,0,NA,NA,1.558120235
Canada,CAN,20,2006,1,0,0,70.3,1.8,1.832989659
Canada,CAN,20,2007,1,0,0,66.5,1.5,1.824430644
Canada,CAN,20,2008,1,0,0,71.3,-0.3,0.184945094
Canada,CAN,20,2009,1,0,0,81.4,-4.8,-3.891180421
Canada,CAN,20,2010,1,0,0,83,-5.2,-4.748726032
Canada,CAN,20,2011,1,0,0,83.4,-4,-3.316475707
Canada,CAN,20,2012,1,0,0,85.6,-3.2,-2.530601138
Canada,CAN,20,2013,1,0,0,87,-2.8,-1.872802078
Canada,CAN,20,2014,1,0,0,84.6,-2.3,0.175009032
Canada,CAN,20,2015,1,0,0,83,-1.7,-0.129679971
Canada,CAN,20,2016,1,0,0,81.6,-1.2,-1.09687714
Canada,CAN,20,2017,1,0,0,79.9,-0.9,-0.97039025
Canada,CAN,20,2018,1,0,0,78.2,-0.8,NA
Switzerland,CHE,225,1995,1,0,0,NA,NA,-1.871825438
Switzerland,CHE,225,1996,1,0,0,NA,NA,-2.051205344
Switzerland,CHE,225,1997,1,0,0,NA,NA,-2.365399484
Switzerland,CHE,225,1998,1,0,0,NA,NA,-1.322008865
Switzerland,CHE,225,1999,1,0,0,NA,NA,-1.604875472
Switzerland,CHE,225,2000,1,0,0,NA,NA,0.424522294
Switzerland,CHE,225,2001,1,0,0,NA,NA,0.279929775
Switzerland,CHE,225,2002,1,0,0,NA,NA,-1.784525658
Switzerland,CHE,225,2003,1,0,0,NA,NA,-1.386497067
Switzerland,CHE,225,2004,1,0,0,NA,NA,-1.423187865
Switzerland,CHE,225,2005,1,0,0,NA,NA,-0.672993407
Switzerland,CHE,225,2006,1,0,0,62.4,0.9,0.855060416
Switzerland,CHE,225,2007,1,0,0,55.6,1.3,1.605565759
Switzerland,CHE,225,2008,1,0,0,50.5,1.8,1.928669825
Switzerland,CHE,225,2009,1,0,0,49.8,0.5,0.503320665
Switzerland,CHE,225,2010,1,0,0,48.8,0.2,0.355736788
Switzerland,CHE,225,2011,1,0,0,49,0.3,0.735030139
Switzerland,CHE,225,2012,1,0,0,49.1,0.3,0.382196517
Switzerland,CHE,225,2013,1,0,0,48.3,0.2,-0.42922263
Switzerland,CHE,225,2014,1,0,0,46.7,0.5,-0.214292264
Switzerland,CHE,225,2015,1,0,0,45.7,0.7,0.647653337
Switzerland,CHE,225,2016,1,0,0,45.4,0.9,0.333079021
Switzerland,CHE,225,2017,1,0,0,45,0.9,NA
Switzerland,CHE,225,2018,1,0,0,44.6,0.9,NA
Chile,CHL,155,2003,0,1,0,NA,NA,-0.189104524
Chile,CHL,155,2004,0,1,0,NA,NA,2.769242055
Chile,CHL,155,2005,0,1,0,NA,NA,5.023067711
Chile,CHL,155,2006,0,1,0,5,7.4,7.383669806
Chile,CHL,155,2007,0,1,0,3.9,7.9,7.739157796
Chile,CHL,155,2008,0,1,0,4.9,4.1,4.667511017
Chile,CHL,155,2009,0,1,0,5.8,-4.1,-4.043975952
Chile,CHL,155,2010,0,1,0,8.6,-0.3,-0.169286702
Chile,CHL,155,2011,0,1,0,11.1,1.4,1.285148631
Chile,CHL,155,2012,0,1,0,11.2,0.6,0.542586918
Chile,CHL,155,2013,0,1,0,11.1,0.1,-0.715271234
Chile,CHL,155,2014,0,1,0,11.4,-0.1,-1.663648855
Chile,CHL,155,2015,0,1,0,11.8,-0.2,-2.266384561
Chile,CHL,155,2016,0,1,0,12.1,-0.2,NA
Chile,CHL,155,2017,0,1,0,12.2,0,NA
Chile,CHL,155,2018,0,1,0,12.3,0,NA
China,CHN,710,1992,0,1,0,NA,NA,-0.273437342
China,CHN,710,1993,0,1,0,NA,NA,-1.168214933
China,CHN,710,1994,0,1,0,NA,NA,-3.407641642
China,CHN,710,1995,0,1,0,NA,NA,-2.966959999
China,CHN,710,1996,0,1,0,NA,NA,-2.479557154
China,CHN,710,1997,0,1,0,NA,NA,-3.094936664
China,CHN,710,1998,0,1,0,NA,NA,-4.869341119
China,CHN,710,1999,0,1,0,NA,NA,-6.181149807
China,CHN,710,2000,0,1,0,NA,NA,-7.800338133
China,CHN,710,2001,0,1,0,NA,NA,-6.907310565
China,CHN,710,2002,0,1,0,NA,NA,-4.636509712
China,CHN,710,2003,0,1,0,NA,NA,-3.701298838
China,CHN,710,2004,0,1,0,NA,NA,-0.908081159
China,CHN,710,2005,0,1,0,NA,NA,-0.474570372
China,CHN,710,2006,0,1,0,16.2,-0.7,0.82200719
China,CHN,710,2007,0,1,0,19.6,0.9,2.942320693
China,CHN,710,2008,0,1,0,17,-0.7,1.264395426
China,CHN,710,2009,0,1,0,17.7,-3.1,0.134916968
China,CHN,710,2010,0,1,0,33.5,-1.5,1.475605991
China,CHN,710,2011,0,1,0,25.5,-1.3,1.534735592
China,CHN,710,2012,0,1,0,22.8,-2.2,1.266760286
China,CHN,710,2013,0,1,0,21.3,-2.1,0.755234308
China,CHN,710,2014,0,1,0,20,-1.8,0.84417532
China,CHN,710,2015,0,1,0,18.3,-1.1,-0.876593668
China,CHN,710,2016,0,1,0,16.4,-0.6,NA
China,CHN,710,2017,0,1,0,14.2,0.1,NA
China,CHN,710,2018,0,1,0,11.6,0.7,NA
C这te d'Ivoire,CIV,437,2006,0,0,1,84.2,-1.8,NA
C这te d'Ivoire,CIV,437,2007,0,0,1,75.6,-0.8,NA
C这te d'Ivoire,CIV,437,2008,0,0,1,75.3,-0.6,NA
C这te d'Ivoire,CIV,437,2009,0,0,1,66.5,-1.6,NA
C这te d'Ivoire,CIV,437,2010,0,0,1,66.4,-2.3,NA
C这te d'Ivoire,CIV,437,2011,0,0,1,94.9,-5.7,NA
C这te d'Ivoire,CIV,437,2012,0,0,1,49.1,-3.4,NA
C这te d'Ivoire,CIV,437,2013,0,0,1,45.4,-2.8,NA
C这te d'Ivoire,CIV,437,2014,0,0,1,42.8,-2.7,NA
C这te d'Ivoire,CIV,437,2015,0,0,1,40.9,-3.1,NA
C这te d'Ivoire,CIV,437,2016,0,0,1,39.2,-2.6,NA
C这te d'Ivoire,CIV,437,2017,0,0,1,37.8,-2.2,NA
C这te d'Ivoire,CIV,437,2018,0,0,1,37.8,-2,NA
Cameroon,CMR,471,2006,0,0,1,15.9,32.8,NA
Cameroon,CMR,471,2007,0,0,1,12,4.5,NA
Cameroon,CMR,471,2008,0,0,1,9.5,2.3,NA
Cameroon,CMR,471,2009,0,0,1,10.6,-0.1,NA
Cameroon,CMR,471,2010,0,0,1,12.1,-1.1,NA
Cameroon,CMR,471,2011,0,0,1,13.9,-2.8,NA
Cameroon,CMR,471,2012,0,0,1,14.9,-0.9,NA
Cameroon,CMR,471,2013,0,0,1,17.7,-4,NA
Cameroon,CMR,471,2014,0,0,1,21.6,-4.6,NA
Cameroon,CMR,471,2015,0,0,1,25.3,-4.8,NA
Cameroon,CMR,471,2016,0,0,1,28.8,-4.9,NA
Cameroon,CMR,471,2017,0,0,1,32.4,-5.3,NA
Cameroon,CMR,471,2018,0,0,1,35.3,-5,NA
"Congo, Dem. Rep. of the",COD,490,2006,0,0,1,149,-3.6,NA
"Congo, Dem. Rep. of the",COD,490,2007,0,0,1,126.1,-3.8,NA
"Congo, Dem. Rep. of the",COD,490,2008,0,0,1,133.1,-3.8,NA
"Congo, Dem. Rep. of the",COD,490,2009,0,0,1,136.3,-2.6,NA
"Congo, Dem. Rep. of the",COD,490,2010,0,0,1,35.1,4.9,NA
"Congo, Dem. Rep. of the",COD,490,2011,0,0,1,29.9,-1.8,NA
"Congo, Dem. Rep. of the",COD,490,2012,0,0,1,31.5,-2.4,NA
"Congo, Dem. Rep. of the",COD,490,2013,0,0,1,34.4,-3.1,NA
"Congo, Dem. Rep. of the",COD,490,2014,0,0,1,36.5,-4.2,NA
"Congo, Dem. Rep. of the",COD,490,2015,0,0,1,37.1,-3.8,NA
"Congo, Dem. Rep. of the",COD,490,2016,0,0,1,37,-3.6,NA
"Congo, Dem. Rep. of the",COD,490,2017,0,0,1,36.5,-3.2,NA
"Congo, Dem. Rep. of the",COD,490,2018,0,0,1,34.9,-3.3,NA
"Congo, Rep. of",COG,484,2006,0,0,1,98.8,16.6,NA
"Congo, Rep. of",COG,484,2007,0,0,1,98,9.4,NA
"Congo, Rep. of",COG,484,2008,0,0,1,68.1,23.4,NA
"Congo, Rep. of",COG,484,2009,0,0,1,57.2,4.8,NA
"Congo, Rep. of",COG,484,2010,0,0,1,23.9,16.1,NA
"Congo, Rep. of",COG,484,2011,0,0,1,22.5,16.4,NA
"Congo, Rep. of",COG,484,2012,0,0,1,21.1,6.1,NA
"Congo, Rep. of",COG,484,2013,0,0,1,25.4,11,NA
"Congo, Rep. of",COG,484,2014,0,0,1,26.1,5.4,NA
"Congo, Rep. of",COG,484,2015,0,0,1,22.9,1.4,NA
"Congo, Rep. of",COG,484,2016,0,0,1,21.6,1.7,NA
"Congo, Rep. of",COG,484,2017,0,0,1,17.7,1.6,NA
"Congo, Rep. of",COG,484,2018,0,0,1,15.9,0.8,NA
Colombia,COL,100,2000,0,1,0,NA,NA,-5.253895104
Colombia,COL,100,2001,0,1,0,NA,NA,-4.776157732
Colombia,COL,100,2002,0,1,0,NA,NA,-4.088487423
Colombia,COL,100,2003,0,1,0,NA,NA,-3.044300428
Colombia,COL,100,2004,0,1,0,NA,NA,-3.480286715
Colombia,COL,100,2005,0,1,0,NA,NA,-3.332000611
Colombia,COL,100,2006,0,1,0,36.8,-1,-1.908058911
Colombia,COL,100,2007,0,1,0,32.7,-0.8,-1.580014476
Colombia,COL,100,2008,0,1,0,30.9,-0.3,-1.865911803
Colombia,COL,100,2009,0,1,0,36.1,-2.8,-1.012192681
Colombia,COL,100,2010,0,1,0,36.5,-3.3,-2.182322673
Colombia,COL,100,2011,0,1,0,35.8,-2,-0.974037497
Colombia,COL,100,2012,0,1,0,32.8,0.2,-0.620257738
Colombia,COL,100,2013,0,1,0,32,-1,-2.359615875
Colombia,COL,100,2014,0,1,0,31.2,-0.9,-3.174232067
Colombia,COL,100,2015,0,1,0,29.9,-0.9,-3.20838421
Colombia,COL,100,2016,0,1,0,28.5,-0.7,NA
Colombia,COL,100,2017,0,1,0,27.1,-0.7,NA
Colombia,COL,100,2018,0,1,0,25.9,-0.8,NA
Czech Republic,CZE,316,1995,1,0,0,NA,NA,-12.43268763
Czech Republic,CZE,316,1996,1,0,0,NA,NA,-3.012249621
Czech Republic,CZE,316,1997,1,0,0,NA,NA,-3.184316328
Czech Republic,CZE,316,1998,1,0,0,NA,NA,-4.181627841
Czech Republic,CZE,316,1999,1,0,0,NA,NA,-3.132022278
Czech Republic,CZE,316,2000,1,0,0,NA,NA,-3.574525099
Czech Republic,CZE,316,2001,1,0,0,NA,NA,-5.48497085
Czech Republic,CZE,316,2002,1,0,0,NA,NA,-6.356287412
Czech Republic,CZE,316,2003,1,0,0,NA,NA,-6.884544521
Czech Republic,CZE,316,2004,1,0,0,NA,NA,-2.381268033
Czech Republic,CZE,316,2005,1,0,0,NA,NA,-2.991334273
Czech Republic,CZE,316,2006,1,0,0,28.3,-2.4,-2.171516836
Czech Republic,CZE,316,2007,1,0,0,27.9,-0.7,-0.653521755
Czech Republic,CZE,316,2008,1,0,0,28.7,-2.2,-1.97968896
Czech Republic,CZE,316,2009,1,0,0,34.2,-5.8,-5.450094379
Czech Republic,CZE,316,2010,1,0,0,37.8,-4.8,-4.189741535
Czech Republic,CZE,316,2011,1,0,0,40.8,-3.2,-2.72440939
Czech Republic,CZE,316,2012,1,0,0,43.1,-5,-3.929937398
Czech Republic,CZE,316,2013,1,0,0,44.8,-2.9,-1.247618425
Czech Republic,CZE,316,2014,1,0,0,46.1,-2.8,-1.925523015
Czech Republic,CZE,316,2015,1,0,0,46.6,-2.6,-0.630164653
Czech Republic,CZE,316,2016,1,0,0,47,-2.6,0.73314981
Czech Republic,CZE,316,2017,1,0,0,47.4,-2.8,NA
Czech Republic,CZE,316,2018,1,0,0,48.1,-2.8,NA
Germany,DEU,255,1995,1,0,0,NA,NA,-9.426662032
Germany,DEU,255,1996,1,0,0,NA,NA,-3.542350181
Germany,DEU,255,1997,1,0,0,NA,NA,-2.945111815
Germany,DEU,255,1998,1,0,0,NA,NA,-2.531822438
Germany,DEU,255,1999,1,0,0,NA,NA,-1.698210065
Germany,DEU,255,2000,1,0,0,NA,NA,0.858926142
Germany,DEU,255,2001,1,0,0,NA,NA,-3.111590247
Germany,DEU,255,2002,1,0,0,NA,NA,-3.94420832
Germany,DEU,255,2003,1,0,0,NA,NA,-4.175615293
Germany,DEU,255,2004,1,0,0,NA,NA,-3.740784455
Germany,DEU,255,2005,1,0,0,NA,NA,-3.416939753
Germany,DEU,255,2006,1,0,0,67.9,-1.7,-1.721508409
Germany,DEU,255,2007,1,0,0,65.4,0.2,0.187249078
Germany,DEU,255,2008,1,0,0,66.8,-0.1,-0.17687197
Germany,DEU,255,2009,1,0,0,74.5,-3.1,-3.234997643
Germany,DEU,255,2010,1,0,0,82.5,-4.1,-4.220987109
Germany,DEU,255,2011,1,0,0,80.5,-0.8,-0.956783273
Germany,DEU,255,2012,1,0,0,82,0.2,-0.033680654
Germany,DEU,255,2013,1,0,0,80.4,-0.3,-0.140363168
Germany,DEU,255,2014,1,0,0,78.3,-0.1,0.325152516
Germany,DEU,255,2015,1,0,0,75.7,0,0.637294038
Germany,DEU,255,2016,1,0,0,72.7,0,0.816590067
Germany,DEU,255,2017,1,0,0,70.7,0,NA
Germany,DEU,255,2018,1,0,0,68.7,0.1,NA
Denmark,DNK,390,1995,1,0,0,NA,NA,-3.618293788
Denmark,DNK,390,1996,1,0,0,NA,NA,-2.482573914
Denmark,DNK,390,1997,1,0,0,NA,NA,-1.200213938
Denmark,DNK,390,1998,1,0,0,NA,NA,-0.388536815
Denmark,DNK,390,1999,1,0,0,NA,NA,0.868853608
Denmark,DNK,390,2000,1,0,0,NA,NA,1.887314306
Denmark,DNK,390,2001,1,0,0,NA,NA,1.14055439
Denmark,DNK,390,2002,1,0,0,NA,NA,-0.015387114
Denmark,DNK,390,2003,1,0,0,NA,NA,-0.133147637
Denmark,DNK,390,2004,1,0,0,NA,NA,2.073172594
Denmark,DNK,390,2005,1,0,0,NA,NA,4.955031072
Denmark,DNK,390,2006,1,0,0,32.1,5,4.987100686
Denmark,DNK,390,2007,1,0,0,27.5,4.8,5.020458983
Denmark,DNK,390,2008,1,0,0,33.4,3.3,3.173907975
Denmark,DNK,390,2009,1,0,0,40.7,-2.8,-2.798141618
Denmark,DNK,390,2010,1,0,0,42.7,-2.7,-2.710270878
Denmark,DNK,390,2011,1,0,0,46.4,-2,-2.055766184
Denmark,DNK,390,2012,1,0,0,50.1,-4.4,-3.490444865
Denmark,DNK,390,2013,1,0,0,51.8,-2.8,-1.235647209
Denmark,DNK,390,2014,1,0,0,52.4,-2.3,1.144427647
Denmark,DNK,390,2015,1,0,0,52.7,-1.9,-1.471011905
Denmark,DNK,390,2016,1,0,0,51.7,-0.8,-0.408768409
Denmark,DNK,390,2017,1,0,0,50.7,-0.6,NA
Denmark,DNK,390,2018,1,0,0,49.3,-0.2,NA
Egypt,EGY,651,2006,0,1,0,90.3,-9.2,NA
Egypt,EGY,651,2007,0,1,0,80.2,-7.5,NA
Egypt,EGY,651,2008,0,1,0,70.2,-8,NA
Egypt,EGY,651,2009,0,1,0,73,-6.9,NA
Egypt,EGY,651,2010,0,1,0,73.2,-8.3,NA
Egypt,EGY,651,2011,0,1,0,76.6,-9.8,NA
Egypt,EGY,651,2012,0,1,0,80.2,-10.7,NA
Egypt,EGY,651,2013,0,1,0,85.2,-11.3,NA
Egypt,EGY,651,2014,0,1,0,82.6,-8.7,NA
Egypt,EGY,651,2015,0,1,0,79.3,-7.1,NA
Egypt,EGY,651,2016,0,1,0,75.2,-5.8,NA
Egypt,EGY,651,2017,0,1,0,70.8,-4.6,NA
Egypt,EGY,651,2018,0,1,0,65.5,-3.3,NA
Spain,ESP,230,1995,1,0,0,NA,NA,-7.037752239
Spain,ESP,230,1996,1,0,0,NA,NA,-5.372219217
Spain,ESP,230,1997,1,0,0,NA,NA,-3.913143351
Spain,ESP,230,1998,1,0,0,NA,NA,-2.948873912
Spain,ESP,230,1999,1,0,0,NA,NA,-1.322697016
Spain,ESP,230,2000,1,0,0,NA,NA,-1.099574468
Spain,ESP,230,2001,1,0,0,NA,NA,-0.545081827
Spain,ESP,230,2002,1,0,0,NA,NA,-0.411056897
Spain,ESP,230,2003,1,0,0,NA,NA,-0.35931557
Spain,ESP,230,2004,1,0,0,NA,NA,-0.039237538
Spain,ESP,230,2005,1,0,0,NA,NA,1.209586424
Spain,ESP,230,2006,1,0,0,39.7,2.4,2.199957539
Spain,ESP,230,2007,1,0,0,36.3,1.9,1.923747718
Spain,ESP,230,2008,1,0,0,40.2,-4.5,-4.420524536
Spain,ESP,230,2009,1,0,0,53.9,-11.2,-10.95350363
Spain,ESP,230,2010,1,0,0,61.3,-9.7,-9.381137626
Spain,ESP,230,2011,1,0,0,69.1,-9.4,-9.642122138
Spain,ESP,230,2012,1,0,0,84.1,-10.3,-10.46791977
Spain,ESP,230,2013,1,0,0,91.8,-6.6,-6.989128326
Spain,ESP,230,2014,1,0,0,97.6,-6.9,-5.968472375
Spain,ESP,230,2015,1,0,0,101.6,-6.6,-5.278157923
Spain,ESP,230,2016,1,0,0,105.1,-6.2,-4.506035643
Spain,ESP,230,2017,1,0,0,108,-5.9,NA
Spain,ESP,230,2018,1,0,0,110.6,-5.6,NA
Estonia,EST,366,1995,1,0,0,NA,NA,1.079344717
Estonia,EST,366,1996,1,0,0,NA,NA,-0.350753756
Estonia,EST,366,1997,1,0,0,NA,NA,2.158064425
Estonia,EST,366,1998,1,0,0,NA,NA,-0.764474589
Estonia,EST,366,1999,1,0,0,NA,NA,-3.316784981
Estonia,EST,366,2000,1,0,0,NA,NA,-0.068062803
Estonia,EST,366,2001,1,0,0,NA,NA,0.199244094
Estonia,EST,366,2002,1,0,0,NA,NA,0.420641471
Estonia,EST,366,2003,1,0,0,NA,NA,1.802758494
Estonia,EST,366,2004,1,0,0,NA,NA,2.388835947
Estonia,EST,366,2005,1,0,0,NA,NA,1.123216833
Estonia,EST,366,2006,1,0,0,4.4,3.2,2.906438097
Estonia,EST,366,2007,1,0,0,3.7,2.8,2.716910044
Estonia,EST,366,2008,1,0,0,4.5,-2.3,-2.666300085
Estonia,EST,366,2009,1,0,0,7.2,-2.1,-2.18367712
Estonia,EST,366,2010,1,0,0,6.7,0.4,0.187544171
Estonia,EST,366,2011,1,0,0,6.1,1.7,1.158532773
Estonia,EST,366,2012,1,0,0,8.5,-0.2,-0.257598424
Estonia,EST,366,2013,1,0,0,9.7,0.4,-0.170079905
Estonia,EST,366,2014,1,0,0,9.1,0.4,0.677921376
Estonia,EST,366,2015,1,0,0,8.6,0.3,0.070278217
Estonia,EST,366,2016,1,0,0,8.2,0.3,-0.290070925
Estonia,EST,366,2017,1,0,0,7.7,0.3,NA
Estonia,EST,366,2018,1,0,0,7.3,0.3,NA
Ethiopia,ETH,530,2006,0,0,1,39,-3.8,NA
Ethiopia,ETH,530,2007,0,0,1,36.8,-3.6,NA
Ethiopia,ETH,530,2008,0,0,1,30.5,-2.9,NA
Ethiopia,ETH,530,2009,0,0,1,25.1,-0.9,NA
Ethiopia,ETH,530,2010,0,0,1,27.6,-1.3,NA
Ethiopia,ETH,530,2011,0,0,1,25.9,-1.6,NA
Ethiopia,ETH,530,2012,0,0,1,21.6,-1.2,NA
Ethiopia,ETH,530,2013,0,0,1,23,-3,NA
Ethiopia,ETH,530,2014,0,0,1,23.8,-2.3,NA
Ethiopia,ETH,530,2015,0,0,1,24,-2.1,NA
Ethiopia,ETH,530,2016,0,0,1,24.2,-2.1,NA
Ethiopia,ETH,530,2017,0,0,1,24.3,-1.9,NA
Ethiopia,ETH,530,2018,0,0,1,24.5,-2,NA
Finland,FIN,375,1975,1,0,0,NA,NA,4.964857797
Finland,FIN,375,1976,1,0,0,NA,NA,7.646863851
Finland,FIN,375,1977,1,0,0,NA,NA,6.276497614
Finland,FIN,375,1978,1,0,0,NA,NA,3.868496469
Finland,FIN,375,1979,1,0,0,NA,NA,3.437295447
Finland,FIN,375,1980,1,0,0,NA,NA,3.746808384
Finland,FIN,375,1981,1,0,0,NA,NA,5.134666877
Finland,FIN,375,1982,1,0,0,NA,NA,3.081879947
Finland,FIN,375,1983,1,0,0,NA,NA,1.537978657
Finland,FIN,375,1984,1,0,0,NA,NA,3.243111892
Finland,FIN,375,1985,1,0,0,NA,NA,3.362786309
Finland,FIN,375,1986,1,0,0,NA,NA,3.825310807
Finland,FIN,375,1987,1,0,0,NA,NA,1.645732166
Finland,FIN,375,1988,1,0,0,NA,NA,5.177580322
Finland,FIN,375,1989,1,0,0,NA,NA,6.71717348
Finland,FIN,375,1990,1,0,0,NA,NA,5.31150423
Finland,FIN,375,1991,1,0,0,NA,NA,-0.911892551
Finland,FIN,375,1992,1,0,0,NA,NA,-5.309244331
Finland,FIN,375,1993,1,0,0,NA,NA,-8.068992863
Finland,FIN,375,1994,1,0,0,NA,NA,-6.470341971
Finland,FIN,375,1995,1,0,0,NA,NA,-5.928609116
Finland,FIN,375,1996,1,0,0,NA,NA,-3.247109543
Finland,FIN,375,1997,1,0,0,NA,NA,-1.20916036
Finland,FIN,375,1998,1,0,0,NA,NA,1.635626589
Finland,FIN,375,1999,1,0,0,NA,NA,1.68369799
Finland,FIN,375,2000,1,0,0,NA,NA,6.855226367
Finland,FIN,375,2001,1,0,0,NA,NA,4.982795267
Finland,FIN,375,2002,1,0,0,NA,NA,4.071104397
Finland,FIN,375,2003,1,0,0,NA,NA,2.441792187
Finland,FIN,375,2004,1,0,0,NA,NA,2.209784385
Finland,FIN,375,2005,1,0,0,NA,NA,2.593270757
Finland,FIN,375,2006,1,0,0,39.6,4.1,3.931314957
Finland,FIN,375,2007,1,0,0,35.2,5.3,5.132808815
Finland,FIN,375,2008,1,0,0,33.9,4.3,4.180454388
Finland,FIN,375,2009,1,0,0,43.5,-2.7,-2.528324191
Finland,FIN,375,2010,1,0,0,48.6,-2.8,-2.609834313
Finland,FIN,375,2011,1,0,0,49,-0.9,-1.044349288
Finland,FIN,375,2012,1,0,0,53.3,-1.7,-2.183259674
Finland,FIN,375,2013,1,0,0,56.9,-2,-2.613874436
Finland,FIN,375,2014,1,0,0,58.4,-1.3,-3.210625189
Finland,FIN,375,2015,1,0,0,58.7,-0.7,-2.758535142
Finland,FIN,375,2016,1,0,0,58.6,-0.4,-1.792161206
Finland,FIN,375,2017,1,0,0,58,-0.1,NA
Finland,FIN,375,2018,1,0,0,57.3,0.1,NA
France,FRA,220,1978,1,0,0,NA,NA,-1.790750222
France,FRA,220,1979,1,0,0,NA,NA,-0.461157149
France,FRA,220,1980,1,0,0,NA,NA,-0.408419037
France,FRA,220,1981,1,0,0,NA,NA,-2.381012873
France,FRA,220,1982,1,0,0,NA,NA,-2.809242931
France,FRA,220,1983,1,0,0,NA,NA,-2.512499694
France,FRA,220,1984,1,0,0,NA,NA,-2.705848533
France,FRA,220,1985,1,0,0,NA,NA,-2.94224
France,FRA,220,1986,1,0,0,NA,NA,-3.165723956
France,FRA,220,1987,1,0,0,NA,NA,-1.983771154
France,FRA,220,1988,1,0,0,NA,NA,-2.531405873
France,FRA,220,1989,1,0,0,NA,NA,-1.753174228
France,FRA,220,1990,1,0,0,NA,NA,-2.401790243
France,FRA,220,1991,1,0,0,NA,NA,-2.826967529
France,FRA,220,1992,1,0,0,NA,NA,-4.55472665
France,FRA,220,1993,1,0,0,NA,NA,-6.298828635
France,FRA,220,1994,1,0,0,NA,NA,-5.369348714
France,FRA,220,1995,1,0,0,NA,NA,-5.124464577
France,FRA,220,1996,1,0,0,NA,NA,-3.899678303
France,FRA,220,1997,1,0,0,NA,NA,-3.626035689
France,FRA,220,1998,1,0,0,NA,NA,-2.40665128
France,FRA,220,1999,1,0,0,NA,NA,-1.578372897
France,FRA,220,2000,1,0,0,NA,NA,-1.318518848
France,FRA,220,2001,1,0,0,NA,NA,-1.436526182
France,FRA,220,2002,1,0,0,NA,NA,-3.087704068
France,FRA,220,2003,1,0,0,NA,NA,-3.859443838
France,FRA,220,2004,1,0,0,NA,NA,-3.48897566
France,FRA,220,2005,1,0,0,NA,NA,-3.165332752
France,FRA,220,2006,1,0,0,64.1,-2.4,-2.341810435
France,FRA,220,2007,1,0,0,64.2,-2.8,-2.5436996
France,FRA,220,2008,1,0,0,68.2,-3.3,-3.183255255
France,FRA,220,2009,1,0,0,79.2,-7.6,-7.182092782
France,FRA,220,2010,1,0,0,82.3,-7.1,-6.813925176
France,FRA,220,2011,1,0,0,86,-5.2,-5.133337607
France,FRA,220,2012,1,0,0,90.3,-4.6,-4.816023928
France,FRA,220,2013,1,0,0,92.7,-3.7,-4.135480528
France,FRA,220,2014,1,0,0,94,-3.5,-3.926832119
France,FRA,220,2015,1,0,0,94.1,-2.6,-3.592628528
France,FRA,220,2016,1,0,0,92.8,-1.8,-3.407935099
France,FRA,220,2017,1,0,0,90.7,-1.1,NA
France,FRA,220,2018,1,0,0,88.1,-0.6,NA
United Kingdom,GBR,200,1990,1,0,0,NA,NA,-1.740696766
United Kingdom,GBR,200,1991,1,0,0,NA,NA,-2.967130991
United Kingdom,GBR,200,1992,1,0,0,NA,NA,-6.100540042
United Kingdom,GBR,200,1993,1,0,0,NA,NA,-7.439659533
United Kingdom,GBR,200,1994,1,0,0,NA,NA,-6.430522977
United Kingdom,GBR,200,1995,1,0,0,NA,NA,-5.192004047
United Kingdom,GBR,200,1996,1,0,0,NA,NA,-3.755028908
United Kingdom,GBR,200,1997,1,0,0,NA,NA,-2.079288632
United Kingdom,GBR,200,1998,1,0,0,NA,NA,-0.313241345
United Kingdom,GBR,200,1999,1,0,0,NA,NA,0.655255546
United Kingdom,GBR,200,2000,1,0,0,NA,NA,1.396893487
United Kingdom,GBR,200,2001,1,0,0,NA,NA,0.249275831
United Kingdom,GBR,200,2002,1,0,0,NA,NA,-1.863491434
United Kingdom,GBR,200,2003,1,0,0,NA,NA,-3.132676608
United Kingdom,GBR,200,2004,1,0,0,NA,NA,-3.071313367
United Kingdom,GBR,200,2005,1,0,0,NA,NA,-3.143136183
United Kingdom,GBR,200,2006,1,0,0,43,-2.7,-2.761448237
United Kingdom,GBR,200,2007,1,0,0,43.7,-2.9,-2.635944461
United Kingdom,GBR,200,2008,1,0,0,52.2,-5.1,-5.173081534
United Kingdom,GBR,200,2009,1,0,0,68.1,-11.4,-10.12307
United Kingdom,GBR,200,2010,1,0,0,79.4,-10.1,-9.417441991
United Kingdom,GBR,200,2011,1,0,0,85.4,-7.9,-7.471765597
United Kingdom,GBR,200,2012,1,0,0,90.3,-8.3,-8.151967838
United Kingdom,GBR,200,2013,1,0,0,93.6,-7,-5.396067682
United Kingdom,GBR,200,2014,1,0,0,97.1,-6.4,-5.442549027
United Kingdom,GBR,200,2015,1,0,0,99.7,-5.6,-4.264013465
United Kingdom,GBR,200,2016,1,0,0,100.7,-4.2,-2.951697413
United Kingdom,GBR,200,2017,1,0,0,100.2,-3,NA
United Kingdom,GBR,200,2018,1,0,0,98.2,-2.6,NA
Georgia,GEO,372,2006,0,0,1,27.1,3.4,NA
Georgia,GEO,372,2007,0,0,1,21.5,0.8,NA
Georgia,GEO,372,2008,0,0,1,27.6,-2,NA
Georgia,GEO,372,2009,0,0,1,37.3,-6.5,NA
Georgia,GEO,372,2010,0,0,1,39.2,-4.8,NA
Georgia,GEO,372,2011,0,0,1,33.8,-0.9,NA
Georgia,GEO,372,2012,0,0,1,32.7,-0.8,NA
Georgia,GEO,372,2013,0,0,1,31.2,-1.8,NA
Georgia,GEO,372,2014,0,0,1,31.1,-1.6,NA
Georgia,GEO,372,2015,0,0,1,30.3,-1.3,NA
Georgia,GEO,372,2016,0,0,1,29.2,-1.1,NA
Georgia,GEO,372,2017,0,0,1,27.9,-1.2,NA
Georgia,GEO,372,2018,0,0,1,26.5,-1.2,NA
Ghana,GHA,452,2006,0,0,1,26.2,-4.7,NA
Ghana,GHA,452,2007,0,0,1,31,-5.6,NA
Ghana,GHA,452,2008,0,0,1,33.6,-8.5,NA
Ghana,GHA,452,2009,0,0,1,36.2,-5.8,NA
Ghana,GHA,452,2010,0,0,1,46.3,-7.2,NA
Ghana,GHA,452,2011,0,0,1,43.4,-4.1,NA
Ghana,GHA,452,2012,0,0,1,56.5,-11.5,NA
Ghana,GHA,452,2013,0,0,1,56.6,-10.1,NA
Ghana,GHA,452,2014,0,0,1,56.1,-8.7,NA
Ghana,GHA,452,2015,0,0,1,55,-6.6,NA
Ghana,GHA,452,2016,0,0,1,54.6,-5.8,NA
Ghana,GHA,452,2017,0,0,1,54.8,-6.1,NA
Ghana,GHA,452,2018,0,0,1,55,-6,NA
Greece,GRC,350,1995,1,0,0,NA,NA,-9.730979547
Greece,GRC,350,1996,1,0,0,NA,NA,-8.15826266
Greece,GRC,350,1997,1,0,0,NA,NA,-6.056026225
Greece,GRC,350,1998,1,0,0,NA,NA,-6.268433569
Greece,GRC,350,1999,1,0,0,NA,NA,-5.793462652
Greece,GRC,350,2000,1,0,0,NA,NA,-4.0630872
Greece,GRC,350,2001,1,0,0,NA,NA,-5.466055745
Greece,GRC,350,2002,1,0,0,NA,NA,-6.024075591
Greece,GRC,350,2003,1,0,0,NA,NA,-7.830423452
Greece,GRC,350,2004,1,0,0,NA,NA,-8.827879771
Greece,GRC,350,2005,1,0,0,NA,NA,-6.187942655
Greece,GRC,350,2006,1,0,0,107.5,-6,-5.94597758
Greece,GRC,350,2007,1,0,0,107.3,-6.8,-6.707074634
Greece,GRC,350,2008,1,0,0,112.5,-9.9,-10.17602394
Greece,GRC,350,2009,1,0,0,129.3,-15.6,-15.14139977
Greece,GRC,350,2010,1,0,0,147.9,-10.7,-11.19711452
Greece,GRC,350,2011,1,0,0,170.6,-9.4,-10.27875911
Greece,GRC,350,2012,1,0,0,158.5,-6.4,-8.891031665
Greece,GRC,350,2013,1,0,0,179.5,-4.6,-13.15994312
Greece,GRC,350,2014,1,0,0,175.6,-3.4,-3.586211942
Greece,GRC,350,2015,1,0,0,170.8,-2.2,-5.718839935
Greece,GRC,350,2016,1,0,0,163.5,-0.6,0.453503639
Greece,GRC,350,2017,1,0,0,153.9,-0.7,NA
Greece,GRC,350,2018,1,0,0,144.3,-0.6,NA
Hong Kong SAR,HKG,NA,2006,1,0,0,32.3,4.3,NA
Hong Kong SAR,HKG,NA,2007,1,0,0,32,8.1,NA
Hong Kong SAR,HKG,NA,2008,1,0,0,29.9,0.1,NA
Hong Kong SAR,HKG,NA,2009,1,0,0,32.4,1.5,NA
Hong Kong SAR,HKG,NA,2010,1,0,0,33.8,4.4,NA
Hong Kong SAR,HKG,NA,2011,1,0,0,33.1,4,NA
Hong Kong SAR,HKG,NA,2012,1,0,0,32.4,0.2,NA
Hong Kong SAR,HKG,NA,2013,1,0,0,30.1,1.7,NA
Hong Kong SAR,HKG,NA,2014,1,0,0,29.2,2.6,NA
Hong Kong SAR,HKG,NA,2015,1,0,0,28.3,1.2,NA
Hong Kong SAR,HKG,NA,2016,1,0,0,27.4,4.2,NA
Hong Kong SAR,HKG,NA,2017,1,0,0,26.6,4.4,NA
Hong Kong SAR,HKG,NA,2018,1,0,0,25.8,4.7,NA
Honduras,HND,91,2006,0,0,1,40.2,-2.7,NA
Honduras,HND,91,2007,0,0,1,24.6,-1.6,NA
Honduras,HND,91,2008,0,0,1,22.9,-1.7,NA
Honduras,HND,91,2009,0,0,1,24.6,-4.5,NA
Honduras,HND,91,2010,0,0,1,29.7,-2.8,NA
Honduras,HND,91,2011,0,0,1,32.1,-2.8,NA
Honduras,HND,91,2012,0,0,1,34.7,-4.3,NA
Honduras,HND,91,2013,0,0,1,36.2,-4.6,NA
Honduras,HND,91,2014,0,0,1,40.3,-4.8,NA
Honduras,HND,91,2015,0,0,1,43.4,-5,NA
Honduras,HND,91,2016,0,0,1,45.9,-5.2,NA
Honduras,HND,91,2017,0,0,1,48.8,-5.3,NA
Honduras,HND,91,2018,0,0,1,53.2,-5.3,NA
Haiti,HTI,41,2006,0,0,1,39,-1.7,NA
Haiti,HTI,41,2007,0,0,1,34.8,0.2,NA
Haiti,HTI,41,2008,0,0,1,37.8,-2.8,NA
Haiti,HTI,41,2009,0,0,1,28.2,-4.6,NA
Haiti,HTI,41,2010,0,0,1,17.7,2.4,NA
Haiti,HTI,41,2011,0,0,1,12.2,-3.7,NA
Haiti,HTI,41,2012,0,0,1,15.4,-5.9,NA
Haiti,HTI,41,2013,0,0,1,20.4,-5.3,NA
Haiti,HTI,41,2014,0,0,1,24.2,-5.5,NA
Haiti,HTI,41,2015,0,0,1,26.7,-4.6,NA
Haiti,HTI,41,2016,0,0,1,28.6,-3.4,NA
Haiti,HTI,41,2017,0,0,1,29.7,-3.1,NA
Haiti,HTI,41,2018,0,0,1,31.3,-3.8,NA
Hungary,HUN,310,1995,0,1,0,NA,NA,-8.604722058
Hungary,HUN,310,1996,0,1,0,NA,NA,-4.368389928
Hungary,HUN,310,1997,0,1,0,NA,NA,-5.527835309
Hungary,HUN,310,1998,0,1,0,NA,NA,-7.448474825
Hungary,HUN,310,1999,0,1,0,NA,NA,-5.127077065
Hungary,HUN,310,2000,0,1,0,NA,NA,-3.02665738
Hungary,HUN,310,2001,0,1,0,NA,NA,-4.048995229
Hungary,HUN,310,2002,0,1,0,NA,NA,-8.826551825
Hungary,HUN,310,2003,0,1,0,NA,NA,-7.116201658
Hungary,HUN,310,2004,0,1,0,NA,NA,-6.535440333
Hungary,HUN,310,2005,0,1,0,NA,NA,-7.770954455
Hungary,HUN,310,2006,0,1,0,65.9,-9.4,-9.272919105
Hungary,HUN,310,2007,0,1,0,67,-5.1,-5.024701118
Hungary,HUN,310,2008,0,1,0,73,-3.7,-3.680953959
Hungary,HUN,310,2009,0,1,0,79.8,-4.5,-4.538781357
Hungary,HUN,310,2010,0,1,0,81.8,-4.5,-4.474196296
Hungary,HUN,310,2011,0,1,0,81.4,4.3,-5.414108309
Hungary,HUN,310,2012,0,1,0,79,-2.5,-2.399351879
Hungary,HUN,310,2013,0,1,0,79.9,-3.2,-2.620975574
Hungary,HUN,310,2014,0,1,0,80.3,-3.4,-2.746690056
Hungary,HUN,310,2015,0,1,0,80.3,-3.3,-1.993538274
Hungary,HUN,310,2016,0,1,0,80.2,-3.2,-1.853547286
Hungary,HUN,310,2017,0,1,0,79.8,-3.1,NA
Hungary,HUN,310,2018,0,1,0,79.2,-3,NA
Indonesia,IDN,850,2006,0,1,0,39,0.2,NA
Indonesia,IDN,850,2007,0,1,0,35.1,-1,NA
Indonesia,IDN,850,2008,0,1,0,33.2,0,NA
Indonesia,IDN,850,2009,0,1,0,28.6,-1.8,NA
Indonesia,IDN,850,2010,0,1,0,26.8,-1.2,-0.339626152
Indonesia,IDN,850,2011,0,1,0,24.4,-0.6,-1.035158769
Indonesia,IDN,850,2012,0,1,0,24,-1.3,-1.343365373
Indonesia,IDN,850,2013,0,1,0,23.6,-2.8,-2.073860832
Indonesia,IDN,850,2014,0,1,0,23.1,-2.2,-1.858321585
Indonesia,IDN,850,2015,0,1,0,21.9,-1.8,-2.773828021
Indonesia,IDN,850,2016,0,1,0,20.9,-1.4,-2.404084236
Indonesia,IDN,850,2017,0,1,0,19.3,-1.1,NA
Indonesia,IDN,850,2018,0,1,0,18.2,-1,NA
India,IND,750,2006,0,1,0,78.4,-6.4,NA
India,IND,750,2007,0,1,0,75,-4.8,NA
India,IND,750,2008,0,1,0,73.3,-8.6,NA
India,IND,750,2009,0,1,0,75,-10.1,NA
India,IND,750,2010,0,1,0,68.5,-8.7,NA
India,IND,750,2011,0,1,0,66.4,-8.4,NA
India,IND,750,2012,0,1,0,66.8,-8.3,NA
India,IND,750,2013,0,1,0,66.4,-8.3,NA
India,IND,750,2014,0,1,0,66.7,-8.4,NA
India,IND,750,2015,0,1,0,66.6,-8.3,NA
India,IND,750,2016,0,1,0,66.2,-8.2,NA
India,IND,750,2017,0,1,0,66.2,-8.1,NA
India,IND,750,2018,0,1,0,66.3,-8.2,NA
Ireland,IRL,205,1995,1,0,0,NA,NA,-2.142023885
Ireland,IRL,205,1996,1,0,0,NA,NA,-0.255634164
Ireland,IRL,205,1997,1,0,0,NA,NA,1.326007442
Ireland,IRL,205,1998,1,0,0,NA,NA,2.026812032
Ireland,IRL,205,1999,1,0,0,NA,NA,2.417915887
Ireland,IRL,205,2000,1,0,0,NA,NA,4.866820792
Ireland,IRL,205,2001,1,0,0,NA,NA,0.969762187
Ireland,IRL,205,2002,1,0,0,NA,NA,-0.513670874
Ireland,IRL,205,2003,1,0,0,NA,NA,0.360650055
Ireland,IRL,205,2004,1,0,0,NA,NA,1.314485876
Ireland,IRL,205,2005,1,0,0,NA,NA,1.589949958
Ireland,IRL,205,2006,1,0,0,24.6,2.9,2.794783323
Ireland,IRL,205,2007,1,0,0,25,0.1,0.288785485
Ireland,IRL,205,2008,1,0,0,44.5,-7.4,-6.999067059
Ireland,IRL,205,2009,1,0,0,64.9,-13.9,-13.79722371
Ireland,IRL,205,2010,1,0,0,92.2,-30.9,-32.05036913
Ireland,IRL,205,2011,1,0,0,106.5,-13.4,-12.72894407
Ireland,IRL,205,2012,1,0,0,117.1,-7.7,-8.037405392
Ireland,IRL,205,2013,1,0,0,122,-7.5,-6.111883144
Ireland,IRL,205,2014,1,0,0,120.2,-4.5,-3.649092012
Ireland,IRL,205,2015,1,0,0,116.4,-2.4,-1.896057381
Ireland,IRL,205,2016,1,0,0,113.3,-1.7,-0.692147208
Ireland,IRL,205,2017,1,0,0,109.6,-1.1,NA
Ireland,IRL,205,2018,1,0,0,105.8,-0.7,NA
Iceland,ISL,395,1998,1,0,0,NA,NA,-0.649857859
Iceland,ISL,395,1999,1,0,0,NA,NA,0.822359689
Iceland,ISL,395,2000,1,0,0,NA,NA,1.233576799
Iceland,ISL,395,2001,1,0,0,NA,NA,-0.975029441
Iceland,ISL,395,2002,1,0,0,NA,NA,-2.794513783
Iceland,ISL,395,2003,1,0,0,NA,NA,-3.124631783
Iceland,ISL,395,2004,1,0,0,NA,NA,-0.325354982
Iceland,ISL,395,2005,1,0,0,NA,NA,4.47820773
Iceland,ISL,395,2006,1,0,0,30.1,6.3,5.863506788
Iceland,ISL,395,2007,1,0,0,29.1,5.4,4.911245245
Iceland,ISL,395,2008,1,0,0,70.4,-0.5,-13.02998308
Iceland,ISL,395,2009,1,0,0,88,-8.6,-9.636919057
Iceland,ISL,395,2010,1,0,0,90.6,-6.4,-9.720573237
Iceland,ISL,395,2011,1,0,0,102.3,-5,-5.563274077
Iceland,ISL,395,2012,1,0,0,99.1,-3,-3.717699045
Iceland,ISL,395,2013,1,0,0,91.9,-1.3,-1.831779781
Iceland,ISL,395,2014,1,0,0,86.3,-0.6,-0.074118589
Iceland,ISL,395,2015,1,0,0,84,0.6,-0.813481812
Iceland,ISL,395,2016,1,0,0,79.9,0.6,12.63941294
Iceland,ISL,395,2017,1,0,0,76.2,1,NA
Iceland,ISL,395,2018,1,0,0,71.8,1.7,NA
Israel,ISR,666,1995,1,0,0,NA,NA,-3.439165024
Israel,ISR,666,1996,1,0,0,NA,NA,-4.355764219
Israel,ISR,666,1997,1,0,0,NA,NA,-3.923401821
Israel,ISR,666,1998,1,0,0,NA,NA,-6.751779961
Israel,ISR,666,1999,1,0,0,NA,NA,-5.398596391
Israel,ISR,666,2000,1,0,0,NA,NA,-3.227293571
Israel,ISR,666,2001,1,0,0,NA,NA,-5.614094262
Israel,ISR,666,2002,1,0,0,NA,NA,-6.783687786
Israel,ISR,666,2003,1,0,0,NA,NA,-7.644021536
Israel,ISR,666,2004,1,0,0,NA,NA,-5.189591852
Israel,ISR,666,2005,1,0,0,NA,NA,-4.057509238
Israel,ISR,666,2006,1,0,0,84.9,-2.4,-1.734762021
Israel,ISR,666,2007,1,0,0,78.5,-1.3,-0.680274243
Israel,ISR,666,2008,1,0,0,77.1,-3.4,-2.769575877
Israel,ISR,666,2009,1,0,0,79.5,-6,-5.662768735
Israel,ISR,666,2010,1,0,0,76,-4.6,-3.679790454
Israel,ISR,666,2011,1,0,0,74,-4.7,-2.93082057
Israel,ISR,666,2012,1,0,0,74.6,-4.7,-4.791448891
Israel,ISR,666,2013,1,0,0,74.4,-3.6,-4.138143937
Israel,ISR,666,2014,1,0,0,73.2,-3.1,-3.347219149
Israel,ISR,666,2015,1,0,0,72,-2.7,-2.106883629
Israel,ISR,666,2016,1,0,0,70.7,-2.5,-2.111064423
Israel,ISR,666,2017,1,0,0,69.7,-2.6,NA
Israel,ISR,666,2018,1,0,0,68.6,-2.6,NA
Italy,ITA,325,1995,1,0,0,NA,NA,-7.253330361
Italy,ITA,325,1996,1,0,0,NA,NA,-6.651063604
Italy,ITA,325,1997,1,0,0,NA,NA,-3.011939414
Italy,ITA,325,1998,1,0,0,NA,NA,-3.021243074
Italy,ITA,325,1999,1,0,0,NA,NA,-1.804503348
Italy,ITA,325,2000,1,0,0,NA,NA,-1.323686443
Italy,ITA,325,2001,1,0,0,NA,NA,-3.393204445
Italy,ITA,325,2002,1,0,0,NA,NA,-3.073129606
Italy,ITA,325,2003,1,0,0,NA,NA,-3.413581096
Italy,ITA,325,2004,1,0,0,NA,NA,-3.566924224
Italy,ITA,325,2005,1,0,0,NA,NA,-4.173386305
Italy,ITA,325,2006,1,0,0,106.3,-3.4,-3.587339634
Italy,ITA,325,2007,1,0,0,103.3,-1.6,-1.526574992
Italy,ITA,325,2008,1,0,0,106.1,-2.7,-2.691908125
Italy,ITA,325,2009,1,0,0,116.4,-5.4,-5.26938416
Italy,ITA,325,2010,1,0,0,119.3,-4.3,-4.245583321
Italy,ITA,325,2011,1,0,0,120.8,-3.7,-3.711900893
Italy,ITA,325,2012,1,0,0,127,-3,-2.926735533
Italy,ITA,325,2013,1,0,0,130.6,-2.6,-2.949833388
Italy,ITA,325,2014,1,0,0,130.8,-2.3,-3.030039205
Italy,ITA,325,2015,1,0,0,129.7,-2.1,-2.583893489
Italy,ITA,325,2016,1,0,0,127.9,-1.8,-2.494842048
Italy,ITA,325,2017,1,0,0,125.6,-1.4,NA
Italy,ITA,325,2018,1,0,0,123.4,-1.1,NA
Jordan,JOR,663,2006,0,1,0,76.3,-4,NA
Jordan,JOR,663,2007,0,1,0,73.8,-4.7,NA
Jordan,JOR,663,2008,0,1,0,60.2,-4.3,NA
Jordan,JOR,663,2009,0,1,0,64.8,-8.5,NA
Jordan,JOR,663,2010,0,1,0,67.1,-5.6,NA
Jordan,JOR,663,2011,0,1,0,70.7,-6.8,NA
Jordan,JOR,663,2012,0,1,0,79.6,-8.2,NA
Jordan,JOR,663,2013,0,1,0,83.8,-4.8,NA
Jordan,JOR,663,2014,0,1,0,87,-5.3,NA
Jordan,JOR,663,2015,0,1,0,87.2,-3.8,NA
Jordan,JOR,663,2016,0,1,0,85.8,-3.3,NA
Jordan,JOR,663,2017,0,1,0,83.3,-2.7,NA
Jordan,JOR,663,2018,0,1,0,81,-2.3,NA
Japan,JPN,740,2005,1,0,0,NA,NA,-4.410027382
Japan,JPN,740,2006,1,0,0,186,-3.7,-2.970792004
Japan,JPN,740,2007,1,0,0,183,-2.1,-2.756333505
Japan,JPN,740,2008,1,0,0,191.8,-4.1,-4.119426397
Japan,JPN,740,2009,1,0,0,210.2,-10.4,-9.776445809
Japan,JPN,740,2010,1,0,0,216,-9.3,-9.146026442
Japan,JPN,740,2011,1,0,0,230.3,-9.9,-9.088060137
Japan,JPN,740,2012,1,0,0,237.9,-10.2,-8.302515854
Japan,JPN,740,2013,1,0,0,245.4,-9.8,-7.64182524
Japan,JPN,740,2014,1,0,0,244.6,-7,-5.383010687
Japan,JPN,740,2015,1,0,0,244.6,-5.8,-3.551523368
Japan,JPN,740,2016,1,0,0,243.9,-5,-3.423000049
Japan,JPN,740,2017,1,0,0,243.2,-5.1,NA
Japan,JPN,740,2018,1,0,0,242.8,-5.4,NA
Kazakhstan,KAZ,705,2006,0,1,0,6.7,7.7,NA
Kazakhstan,KAZ,705,2007,0,1,0,5.9,5.2,NA
Kazakhstan,KAZ,705,2008,0,1,0,6.7,1.2,NA
Kazakhstan,KAZ,705,2009,0,1,0,10.2,-1.3,NA
Kazakhstan,KAZ,705,2010,0,1,0,10.7,1.5,NA
Kazakhstan,KAZ,705,2011,0,1,0,10.7,5.9,NA
Kazakhstan,KAZ,705,2012,0,1,0,12.3,4.7,NA
Kazakhstan,KAZ,705,2013,0,1,0,13.2,4.9,NA
Kazakhstan,KAZ,705,2014,0,1,0,14.1,4.5,NA
Kazakhstan,KAZ,705,2015,0,1,0,14.3,4.2,NA
Kazakhstan,KAZ,705,2016,0,1,0,14.4,3.9,NA
Kazakhstan,KAZ,705,2017,0,1,0,14.4,3.8,NA
Kazakhstan,KAZ,705,2018,0,1,0,14.6,3.6,NA
Kenya,KEN,501,2006,0,1,0,46.8,-2.5,NA
Kenya,KEN,501,2007,0,1,0,46,-3.2,NA
Kenya,KEN,501,2008,0,1,0,45.6,-4.4,NA
Kenya,KEN,501,2009,0,1,0,47.5,-5.4,NA
Kenya,KEN,501,2010,0,1,0,49.9,-5.5,NA
Kenya,KEN,501,2011,0,1,0,48.5,-5.1,NA
Kenya,KEN,501,2012,0,1,0,48.2,-5.3,NA
Kenya,KEN,501,2013,0,1,0,47.9,-4.6,NA
Kenya,KEN,501,2014,0,1,0,47.3,-4,NA
Kenya,KEN,501,2015,0,1,0,47.1,-3.7,NA
Kenya,KEN,501,2016,0,1,0,46.5,-3.6,NA
Kenya,KEN,501,2017,0,1,0,46.3,-3.5,NA
Kenya,KEN,501,2018,0,1,0,45.9,-3.4,NA
Cambodia,KHM,811,2006,0,0,1,32.7,-0.2,NA
Cambodia,KHM,811,2007,0,0,1,30.6,-0.7,NA
Cambodia,KHM,811,2008,0,0,1,27.5,0.3,NA
Cambodia,KHM,811,2009,0,0,1,28.9,-4.2,NA
Cambodia,KHM,811,2010,0,0,1,29.1,-2.8,NA
Cambodia,KHM,811,2011,0,0,1,28.5,-4.1,NA
Cambodia,KHM,811,2012,0,0,1,28.5,-3.2,NA
Cambodia,KHM,811,2013,0,0,1,28.1,-2.7,NA
Cambodia,KHM,811,2014,0,0,1,28.3,-2.2,NA
Cambodia,KHM,811,2015,0,0,1,27.8,-1.5,NA
Cambodia,KHM,811,2016,0,0,1,27.2,-1,NA
Cambodia,KHM,811,2017,0,0,1,26.3,-0.6,NA
Cambodia,KHM,811,2018,0,0,1,25.7,-0.6,NA
South Korea,KOR,732,1970,1,0,0,NA,NA,0.153857163
South Korea,KOR,732,1971,1,0,0,NA,NA,-0.969912329
South Korea,KOR,732,1972,1,0,0,NA,NA,-2.521245129
South Korea,KOR,732,1973,1,0,0,NA,NA,-2.307064478
South Korea,KOR,732,1974,1,0,0,NA,NA,-1.808398584
South Korea,KOR,732,1975,1,0,0,NA,NA,-4.144653549
South Korea,KOR,732,1976,1,0,0,NA,NA,-1.179474371
South Korea,KOR,732,1977,1,0,0,NA,NA,-1.998887707
South Korea,KOR,732,1978,1,0,0,NA,NA,-0.342883176
South Korea,KOR,732,1979,1,0,0,NA,NA,-0.223781693
South Korea,KOR,732,1980,1,0,0,NA,NA,-1.132975098
South Korea,KOR,732,1981,1,0,0,NA,NA,-3.253588517
South Korea,KOR,732,1982,1,0,0,NA,NA,-0.187130883
South Korea,KOR,732,1983,1,0,0,NA,NA,0.964905524
South Korea,KOR,732,1984,1,0,0,NA,NA,1.436377088
South Korea,KOR,732,1985,1,0,0,NA,NA,0.719512698
South Korea,KOR,732,1986,1,0,0,NA,NA,1.294086225
South Korea,KOR,732,1987,1,0,0,NA,NA,2.079615723
South Korea,KOR,732,1988,1,0,0,NA,NA,2.73360662
South Korea,KOR,732,1989,1,0,0,NA,NA,2.293203195
South Korea,KOR,732,1990,1,0,0,NA,NA,2.402885405
South Korea,KOR,732,1991,1,0,0,NA,NA,1.234483659
South Korea,KOR,732,1992,1,0,0,NA,NA,1.010475454
South Korea,KOR,732,1993,1,0,0,NA,NA,1.628032303
South Korea,KOR,732,1994,1,0,0,NA,NA,2.541071787
South Korea,KOR,732,1995,1,0,0,NA,NA,3.072550091
South Korea,KOR,732,1996,1,0,0,NA,NA,3.19405463
South Korea,KOR,732,1997,1,0,0,NA,NA,2.71290255
South Korea,KOR,732,1998,1,0,0,NA,NA,0.647597758
South Korea,KOR,732,1999,1,0,0,NA,NA,1.641783076
South Korea,KOR,732,2000,1,0,0,NA,NA,4.358638418
South Korea,KOR,732,2001,1,0,0,NA,NA,2.965088745
South Korea,KOR,732,2002,1,0,0,NA,NA,3.514560026
South Korea,KOR,732,2003,1,0,0,NA,NA,-1.963830255
South Korea,KOR,732,2004,1,0,0,NA,NA,0.231349706
South Korea,KOR,732,2005,1,0,0,NA,NA,1.55166796
South Korea,KOR,732,2006,1,0,0,31.1,1.1,2.333656918
South Korea,KOR,732,2007,1,0,0,30.7,2.3,4.236124571
South Korea,KOR,732,2008,1,0,0,30.1,1.6,2.338078983
South Korea,KOR,732,2009,1,0,0,33.8,0,-1.316783649
South Korea,KOR,732,2010,1,0,0,33.4,1.7,0.973446781
South Korea,KOR,732,2011,1,0,0,34.2,1.8,0.975147091
South Korea,KOR,732,2012,1,0,0,33.7,1.9,1.012641631
South Korea,KOR,732,2013,1,0,0,32.5,2.4,1.335755811
South Korea,KOR,732,2014,1,0,0,30.6,2.6,1.268949779
South Korea,KOR,732,2015,1,0,0,28.6,2.7,1.281637599
South Korea,KOR,732,2016,1,0,0,26.8,2.7,2.11721996
South Korea,KOR,732,2017,1,0,0,24.8,2.7,NA
South Korea,KOR,732,2018,1,0,0,22.9,2.7,NA
Lao P.D.R.,LAO,812,2006,0,0,1,71.9,-3.2,NA
Lao P.D.R.,LAO,812,2007,0,0,1,64.2,-2.4,NA
Lao P.D.R.,LAO,812,2008,0,0,1,59.5,-2.6,NA
Lao P.D.R.,LAO,812,2009,0,0,1,61.9,-6.9,NA
Lao P.D.R.,LAO,812,2010,0,0,1,61,-4.6,NA
Lao P.D.R.,LAO,812,2011,0,0,1,54.4,-3,NA
Lao P.D.R.,LAO,812,2012,0,0,1,53.1,-2.5,NA
Lao P.D.R.,LAO,812,2013,0,0,1,51.5,-2.6,NA
Lao P.D.R.,LAO,812,2014,0,0,1,50.3,-2.6,NA
Lao P.D.R.,LAO,812,2015,0,0,1,49.4,-2.6,NA
Lao P.D.R.,LAO,812,2016,0,0,1,48.3,-2.5,NA
Lao P.D.R.,LAO,812,2017,0,0,1,47,-2.5,NA
Lao P.D.R.,LAO,812,2018,0,0,1,45.3,-2.2,NA
Lithuania,LTU,368,1995,NA,NA,NA,NA,NA,-1.546906902
Lithuania,LTU,368,1996,NA,NA,NA,NA,NA,-3.249486981
Lithuania,LTU,368,1997,NA,NA,NA,NA,NA,-11.75341413
Lithuania,LTU,368,1998,NA,NA,NA,NA,NA,-3.03241646
Lithuania,LTU,368,1999,NA,NA,NA,NA,NA,-2.821882829
Lithuania,LTU,368,2000,NA,NA,NA,NA,NA,-3.184727546
Lithuania,LTU,368,2001,NA,NA,NA,NA,NA,-3.526783569
Lithuania,LTU,368,2002,NA,NA,NA,NA,NA,-1.854998698
Lithuania,LTU,368,2003,NA,NA,NA,NA,NA,-1.264242112
Lithuania,LTU,368,2004,NA,NA,NA,NA,NA,-1.392224155
Lithuania,LTU,368,2005,NA,NA,NA,NA,NA,-0.34305684
Lithuania,LTU,368,2006,0,1,0,17.9,-0.4,-0.272102307
Lithuania,LTU,368,2007,0,1,0,16.8,-1,-0.815339539
Lithuania,LTU,368,2008,0,1,0,15.5,-3.3,-3.083041713
Lithuania,LTU,368,2009,0,1,0,29.3,-9.2,-9.105648216
Lithuania,LTU,368,2010,0,1,0,37.9,-7.1,-6.900718922
Lithuania,LTU,368,2011,0,1,0,38.5,-5.5,-8.939733443
Lithuania,LTU,368,2012,0,1,0,39.6,-3,-3.145481048
Lithuania,LTU,368,2013,0,1,0,40,-2.6,-2.609923444
Lithuania,LTU,368,2014,0,1,0,39.8,-2.3,-0.617365641
Lithuania,LTU,368,2015,0,1,0,39.7,-2.3,-0.244772372
Lithuania,LTU,368,2016,0,1,0,39.3,-2.1,0.26636791
Lithuania,LTU,368,2017,0,1,0,38.9,-2.1,NA
Lithuania,LTU,368,2018,0,1,0,38.4,-1.9,NA
Latvia,LVA,367,1995,0,1,0,NA,NA,-1.428006871
Latvia,LVA,367,1996,0,1,0,NA,NA,-0.420894944
Latvia,LVA,367,1997,0,1,0,NA,NA,1.413575216
Latvia,LVA,367,1998,0,1,0,NA,NA,0.028728164
Latvia,LVA,367,1999,0,1,0,NA,NA,-3.732542619
Latvia,LVA,367,2000,0,1,0,NA,NA,-2.730834888
Latvia,LVA,367,2001,0,1,0,NA,NA,-1.948227079
Latvia,LVA,367,2002,0,1,0,NA,NA,-2.282110979
Latvia,LVA,367,2003,0,1,0,NA,NA,-1.455198143
Latvia,LVA,367,2004,0,1,0,NA,NA,-0.919019486
Latvia,LVA,367,2005,0,1,0,NA,NA,-0.364265315
Latvia,LVA,367,2006,0,1,0,9.9,-0.6,-0.487783343
Latvia,LVA,367,2007,0,1,0,7.8,0.6,-0.512659053
Latvia,LVA,367,2008,0,1,0,17.2,-7.5,-4.204263151
Latvia,LVA,367,2009,0,1,0,32.9,-7.8,-9.126930189
Latvia,LVA,367,2010,0,1,0,39.7,-7.3,-8.685864289
Latvia,LVA,367,2011,0,1,0,37.5,-3.2,-4.306704886
Latvia,LVA,367,2012,0,1,0,36.4,0.1,-1.205632211
Latvia,LVA,367,2013,0,1,0,41,-1.3,-0.961881612
Latvia,LVA,367,2014,0,1,0,36.7,-0.8,-1.220670719
Latvia,LVA,367,2015,0,1,0,33.1,-1.3,-1.225435977
Latvia,LVA,367,2016,0,1,0,33.1,-1.1,0.037991409
Latvia,LVA,367,2017,0,1,0,32.1,-0.9,NA
Latvia,LVA,367,2018,0,1,0,29.8,-1.1,NA
Morocco,MAR,600,2006,0,1,0,59.4,-2,NA
Morocco,MAR,600,2007,0,1,0,54.6,-0.1,NA
Morocco,MAR,600,2008,0,1,0,48.2,0.7,NA
Morocco,MAR,600,2009,0,1,0,48,-1.8,NA
Morocco,MAR,600,2010,0,1,0,51.3,-4.4,NA
Morocco,MAR,600,2011,0,1,0,54.4,-6.8,NA
Morocco,MAR,600,2012,0,1,0,59.6,-7.5,NA
Morocco,MAR,600,2013,0,1,0,61.2,-5.5,NA
Morocco,MAR,600,2014,0,1,0,61.1,-4.2,NA
Morocco,MAR,600,2015,0,1,0,60.3,-3.5,NA
Morocco,MAR,600,2016,0,1,0,58.8,-3,NA
Morocco,MAR,600,2017,0,1,0,56.9,-2.7,NA
Morocco,MAR,600,2018,0,1,0,54.9,-2.4,NA
Moldova,MDA,359,2006,0,0,1,30.4,0,NA
Moldova,MDA,359,2007,0,0,1,25.2,-0.2,NA
Moldova,MDA,359,2008,0,0,1,18.8,-1,NA
Moldova,MDA,359,2009,0,0,1,26.7,-6.3,NA
Moldova,MDA,359,2010,0,0,1,26.5,-2.5,NA
Moldova,MDA,359,2011,0,0,1,23.1,-2.4,NA
Moldova,MDA,359,2012,0,0,1,23.8,-2.1,NA
Moldova,MDA,359,2013,0,0,1,22.5,-2.1,NA
Moldova,MDA,359,2014,0,0,1,20.8,-1.3,NA
Moldova,MDA,359,2015,0,0,1,19.3,-1.1,NA
Moldova,MDA,359,2016,0,0,1,17.8,-1,NA
Moldova,MDA,359,2017,0,0,1,17.4,-0.9,NA
Moldova,MDA,359,2018,0,0,1,17,-0.9,NA
Madagascar,MDG,580,2006,0,0,1,37,-0.5,NA
Madagascar,MDG,580,2007,0,0,1,33.5,-2.7,NA
Madagascar,MDG,580,2008,0,0,1,31.9,-1.1,NA
Madagascar,MDG,580,2009,0,0,1,36,-3.1,NA
Madagascar,MDG,580,2010,0,0,1,36.1,-1.5,NA
Madagascar,MDG,580,2011,0,0,1,37.4,-4.8,NA
Madagascar,MDG,580,2012,0,0,1,38.3,-3.1,NA
Madagascar,MDG,580,2013,0,0,1,37.5,-2.9,NA
Madagascar,MDG,580,2014,0,0,1,39.3,-3,NA
Madagascar,MDG,580,2015,0,0,1,37.8,-3.5,NA
Madagascar,MDG,580,2016,0,0,1,36.7,-3.5,NA
Madagascar,MDG,580,2017,0,0,1,34.2,-3.9,NA
Madagascar,MDG,580,2018,0,0,1,32,-3.7,NA
Mexico,MEX,70,2003,0,1,0,NA,NA,0.356900733
Mexico,MEX,70,2004,0,1,0,NA,NA,1.563001189
Mexico,MEX,70,2005,0,1,0,NA,NA,1.537204091
Mexico,MEX,70,2006,0,1,0,38.4,-1,0.742129165
Mexico,MEX,70,2007,0,1,0,37.8,-1.2,0.151237802
Mexico,MEX,70,2008,0,1,0,43.1,-1.1,-0.163942809
Mexico,MEX,70,2009,0,1,0,44.5,-4.7,-0.589805515
Mexico,MEX,70,2010,0,1,0,42.9,-4.4,-0.581602726
Mexico,MEX,70,2011,0,1,0,43.7,-3.4,-0.077098579
Mexico,MEX,70,2012,0,1,0,43.5,-3.7,-0.1255565
Mexico,MEX,70,2013,0,1,0,43.5,-3.1,0.217828694
Mexico,MEX,70,2014,0,1,0,43.9,-3,-0.611474906
Mexico,MEX,70,2015,0,1,0,44.1,-2.8,-0.867126283
Mexico,MEX,70,2016,0,1,0,44.3,-2.8,NA
Mexico,MEX,70,2017,0,1,0,44.3,-2.7,NA
Mexico,MEX,70,2018,0,1,0,44.3,-2.7,NA
Mali,MLI,432,2006,0,0,1,20.4,31.3,NA
Mali,MLI,432,2007,0,0,1,21.1,-3.2,NA
Mali,MLI,432,2008,0,0,1,22.6,-2.2,NA
Mali,MLI,432,2009,0,0,1,24.7,-4.2,NA
Mali,MLI,432,2010,0,0,1,28.7,-2.7,NA
Mali,MLI,432,2011,0,0,1,32.9,-3.7,NA
Mali,MLI,432,2012,0,0,1,32,-1.1,NA
Mali,MLI,432,2013,0,0,1,31.2,-2.5,NA
Mali,MLI,432,2014,0,0,1,31.3,-3.6,NA
Mali,MLI,432,2015,0,0,1,31.4,-3.2,NA
Mali,MLI,432,2016,0,0,1,31.7,-3,NA
Mali,MLI,432,2017,0,0,1,31.9,-3.2,NA
Mali,MLI,432,2018,0,0,1,32.1,-3.1,NA
Myanmar,MMR,775,2006,0,0,1,100.4,-4.2,NA
Myanmar,MMR,775,2007,0,0,1,70.1,-3.8,NA
Myanmar,MMR,775,2008,0,0,1,57,-2.4,NA
Myanmar,MMR,775,2009,0,0,1,57.5,-5.2,NA
Myanmar,MMR,775,2010,0,0,1,52.4,-5.5,NA
Myanmar,MMR,775,2011,0,0,1,52.9,-6,NA
Myanmar,MMR,775,2012,0,0,1,47.5,-5.3,NA
Myanmar,MMR,775,2013,0,0,1,45.4,-5.2,NA
Myanmar,MMR,775,2014,0,0,1,46.6,-5,NA
Myanmar,MMR,775,2015,0,0,1,47.4,-4.8,NA
Myanmar,MMR,775,2016,0,0,1,47.9,-4.6,NA
Myanmar,MMR,775,2017,0,0,1,48.1,-4.4,NA
Myanmar,MMR,775,2018,0,0,1,47.8,-4.2,NA
Mozambique,MOZ,541,2006,0,0,1,53.6,-4.1,NA
Mozambique,MOZ,541,2007,0,0,1,41.9,-2.9,NA
Mozambique,MOZ,541,2008,0,0,1,42.1,-2.5,NA
Mozambique,MOZ,541,2009,0,0,1,51.9,-5.5,NA
Mozambique,MOZ,541,2010,0,0,1,49.3,-3.9,NA
Mozambique,MOZ,541,2011,0,0,1,45.1,-4.3,NA
Mozambique,MOZ,541,2012,0,0,1,46.6,-3,NA
Mozambique,MOZ,541,2013,0,0,1,47,-4.7,NA
Mozambique,MOZ,541,2014,0,0,1,47.6,-6.6,NA
Mozambique,MOZ,541,2015,0,0,1,47.1,-6.1,NA
Mozambique,MOZ,541,2016,0,0,1,47.1,-5.7,NA
Mozambique,MOZ,541,2017,0,0,1,46.8,-5.2,NA
Mozambique,MOZ,541,2018,0,0,1,46.4,-5.1,NA
Malaysia,MYS,820,2006,0,1,0,41.5,-2.7,NA
Malaysia,MYS,820,2007,0,1,0,41.2,-2.7,NA
Malaysia,MYS,820,2008,0,1,0,41.2,-3.6,NA
Malaysia,MYS,820,2009,0,1,0,52.8,-6.2,NA
Malaysia,MYS,820,2010,0,1,0,53.7,-4.5,NA
Malaysia,MYS,820,2011,0,1,0,54.5,-3.8,NA
Malaysia,MYS,820,2012,0,1,0,55.5,-4.3,NA
Malaysia,MYS,820,2013,0,1,0,56,-4,NA
Malaysia,MYS,820,2014,0,1,0,55.7,-3.7,NA
Malaysia,MYS,820,2015,0,1,0,55.1,-3.5,NA
Malaysia,MYS,820,2016,0,1,0,54.5,-3.4,NA
Malaysia,MYS,820,2017,0,1,0,54.3,-3.6,NA
Malaysia,MYS,820,2018,0,1,0,54.5,-4,NA
Nigeria,NGA,475,2006,0,1,0,11.8,8.9,NA
Nigeria,NGA,475,2007,0,1,0,12.8,1.6,NA
Nigeria,NGA,475,2008,0,1,0,11.6,6.3,NA
Nigeria,NGA,475,2009,0,1,0,15.2,-9.4,NA
Nigeria,NGA,475,2010,0,1,0,15.5,-6.7,NA
Nigeria,NGA,475,2011,0,1,0,17.2,0.7,NA
Nigeria,NGA,475,2012,0,1,0,17.8,0.9,NA
Nigeria,NGA,475,2013,0,1,0,17.9,0.4,NA
Nigeria,NGA,475,2014,0,1,0,18.1,-0.6,NA
Nigeria,NGA,475,2015,0,1,0,17.8,-0.7,NA
Nigeria,NGA,475,2016,0,1,0,17.3,-1.1,NA
Nigeria,NGA,475,2017,0,1,0,16.7,-1,NA
Nigeria,NGA,475,2018,0,1,0,15,-1.6,NA
Nicaragua,NIC,93,2006,0,0,1,87,0.5,NA
Nicaragua,NIC,93,2007,0,0,1,62.4,0.9,NA
Nicaragua,NIC,93,2008,0,0,1,57.7,-0.6,NA
Nicaragua,NIC,93,2009,0,0,1,61.3,-1.4,NA
Nicaragua,NIC,93,2010,0,0,1,62.8,-0.4,NA
Nicaragua,NIC,93,2011,0,0,1,56.1,0.4,NA
Nicaragua,NIC,93,2012,0,0,1,52.1,-0.5,NA
Nicaragua,NIC,93,2013,0,0,1,50.2,-0.3,NA
Nicaragua,NIC,93,2014,0,0,1,40.6,-1.2,NA
Nicaragua,NIC,93,2015,0,0,1,39.9,-0.9,NA
Nicaragua,NIC,93,2016,0,0,1,39.2,-0.9,NA
Nicaragua,NIC,93,2017,0,0,1,38.4,-0.8,NA
Nicaragua,NIC,93,2018,0,0,1,37.1,-0.7,NA
Netherlands,NLD,210,1995,1,0,0,NA,NA,-8.591908182
Netherlands,NLD,210,1996,1,0,0,NA,NA,-1.727161812
Netherlands,NLD,210,1997,1,0,0,NA,NA,-1.273012733
Netherlands,NLD,210,1998,1,0,0,NA,NA,-0.904665888
Netherlands,NLD,210,1999,1,0,0,NA,NA,0.326151413
Netherlands,NLD,210,2000,1,0,0,NA,NA,1.879208411
Netherlands,NLD,210,2001,1,0,0,NA,NA,-0.348230319
Netherlands,NLD,210,2002,1,0,0,NA,NA,-2.079470011
Netherlands,NLD,210,2003,1,0,0,NA,NA,-3.016355781
Netherlands,NLD,210,2004,1,0,0,NA,NA,-1.72271963
Netherlands,NLD,210,2005,1,0,0,NA,NA,-0.256044163
Netherlands,NLD,210,2006,1,0,0,47.4,0.5,0.210458347
Netherlands,NLD,210,2007,1,0,0,45.3,0.2,0.211648839
Netherlands,NLD,210,2008,1,0,0,58.5,0.5,0.223730097
Netherlands,NLD,210,2009,1,0,0,60.8,-5.6,-5.430903261
Netherlands,NLD,210,2010,1,0,0,63.1,-5.1,-4.991512434
Netherlands,NLD,210,2011,1,0,0,65.5,-4.5,-4.288498419
Netherlands,NLD,210,2012,1,0,0,71.7,-4.1,-3.884903683
Netherlands,NLD,210,2013,1,0,0,74.5,-3.4,-2.374116811
Netherlands,NLD,210,2014,1,0,0,75.9,-3.7,-2.266639317
Netherlands,NLD,210,2015,1,0,0,75.1,-3.3,-2.05118976
Netherlands,NLD,210,2016,1,0,0,75.7,-3.1,0.366189847
Netherlands,NLD,210,2017,1,0,0,75.5,-2.4,NA
Netherlands,NLD,210,2018,1,0,0,74.8,-1.8,NA
Norway,NOR,385,1995,1,0,0,NA,NA,3.154007168
Norway,NOR,385,1996,1,0,0,NA,NA,6.162098199
Norway,NOR,385,1997,1,0,0,NA,NA,7.486743466
Norway,NOR,385,1998,1,0,0,NA,NA,3.252171611
Norway,NOR,385,1999,1,0,0,NA,NA,5.872476991
Norway,NOR,385,2000,1,0,0,NA,NA,15.10213637
Norway,NOR,385,2001,1,0,0,NA,NA,13.18566904
Norway,NOR,385,2002,1,0,0,NA,NA,9.050488373
Norway,NOR,385,2003,1,0,0,NA,NA,7.245558044
Norway,NOR,385,2004,1,0,0,NA,NA,10.92312432
Norway,NOR,385,2005,1,0,0,NA,NA,14.81928583
Norway,NOR,385,2006,1,0,0,58.7,18.3,18.02075735
Norway,NOR,385,2007,1,0,0,56.6,17.3,17.11308169
Norway,NOR,385,2008,1,0,0,55.2,18.8,18.67136971
Norway,NOR,385,2009,1,0,0,49,10.5,10.33235467
Norway,NOR,385,2010,1,0,0,49.2,11.1,10.99382012
Norway,NOR,385,2011,1,0,0,34.1,13.4,13.43011101
Norway,NOR,385,2012,1,0,0,34.1,13.8,13.83137854
Norway,NOR,385,2013,1,0,0,34.1,12.3,10.7729449
Norway,NOR,385,2014,1,0,0,34.1,11.1,8.748246159
Norway,NOR,385,2015,1,0,0,34.1,10,6.058947133
Norway,NOR,385,2016,1,0,0,34.1,9,3.997969864
Norway,NOR,385,2017,1,0,0,34.1,8.2,NA
Norway,NOR,385,2018,1,0,0,34.1,7.5,NA
Nepal,NPL,790,2006,0,0,1,49.5,0.3,NA
Nepal,NPL,790,2007,0,0,1,42.8,-0.8,NA
Nepal,NPL,790,2008,0,0,1,41.2,-0.4,NA
Nepal,NPL,790,2009,0,0,1,39.3,-2.6,NA
Nepal,NPL,790,2010,0,0,1,35.4,-0.8,NA
Nepal,NPL,790,2011,0,0,1,33.3,-1,NA
Nepal,NPL,790,2012,0,0,1,33.1,-0.6,NA
Nepal,NPL,790,2013,0,0,1,26.8,3.7,NA
Nepal,NPL,790,2014,0,0,1,26.4,-0.6,NA
Nepal,NPL,790,2015,0,0,1,26.9,-1.1,NA
Nepal,NPL,790,2016,0,0,1,27.6,-1.2,NA
Nepal,NPL,790,2017,0,0,1,28.2,-1.3,NA
Nepal,NPL,790,2018,0,0,1,29,-1.7,NA
New Zealand,NZL,920,1986,1,0,0,NA,NA,-6.670692779
New Zealand,NZL,920,1987,1,0,0,NA,NA,-2.226072025
New Zealand,NZL,920,1988,1,0,0,NA,NA,-4.707995894
New Zealand,NZL,920,1989,1,0,0,NA,NA,-3.304092385
New Zealand,NZL,920,1990,1,0,0,NA,NA,-4.466162253
New Zealand,NZL,920,1991,1,0,0,NA,NA,-3.472560454
New Zealand,NZL,920,1992,1,0,0,NA,NA,-2.966783261
New Zealand,NZL,920,1993,1,0,0,NA,NA,-0.636121785
New Zealand,NZL,920,1994,1,0,0,NA,NA,2.486782415
New Zealand,NZL,920,1995,1,0,0,NA,NA,2.29648565
New Zealand,NZL,920,1996,1,0,0,NA,NA,2.406504387
New Zealand,NZL,920,1997,1,0,0,NA,NA,0.958841376
New Zealand,NZL,920,1998,1,0,0,NA,NA,-0.013325532
New Zealand,NZL,920,1999,1,0,0,NA,NA,-0.212756017
New Zealand,NZL,920,2000,1,0,0,NA,NA,1.668230444
New Zealand,NZL,920,2001,1,0,0,NA,NA,1.347589599
New Zealand,NZL,920,2002,1,0,0,NA,NA,3.30630622
New Zealand,NZL,920,2003,1,0,0,NA,NA,3.434425129
New Zealand,NZL,920,2004,1,0,0,NA,NA,3.886960882
New Zealand,NZL,920,2005,1,0,0,NA,NA,4.542698974
New Zealand,NZL,920,2006,1,0,0,19.3,4.1,5.083920353
New Zealand,NZL,920,2007,1,0,0,17.2,3.2,4.292673845
New Zealand,NZL,920,2008,1,0,0,20.1,1.5,0.499138623
New Zealand,NZL,920,2009,1,0,0,25.9,-1.5,-2.779671356
New Zealand,NZL,920,2010,1,0,0,32,-5.1,-7.043168964
New Zealand,NZL,920,2011,1,0,0,37.2,-4.9,-4.012493845
New Zealand,NZL,920,2012,1,0,0,38.2,-2.6,-2.154422178
New Zealand,NZL,920,2013,1,0,0,38.3,-1.9,-0.515550696
New Zealand,NZL,920,2014,1,0,0,37.9,-0.5,0.267921861
New Zealand,NZL,920,2015,1,0,0,36.7,0.3,-0.026756966
New Zealand,NZL,920,2016,1,0,0,37.1,0.6,NA
New Zealand,NZL,920,2017,1,0,0,36.4,0.7,NA
New Zealand,NZL,920,2018,1,0,0,34.3,0.7,NA
Pakistan,PAK,770,2006,0,1,0,58.6,-3.7,NA
Pakistan,PAK,770,2007,0,1,0,56,-5.5,NA
Pakistan,PAK,770,2008,0,1,0,60.2,-7.3,NA
Pakistan,PAK,770,2009,0,1,0,61.3,-5.2,NA
Pakistan,PAK,770,2010,0,1,0,61.7,-5.9,NA
Pakistan,PAK,770,2011,0,1,0,60.3,-7,NA
Pakistan,PAK,770,2012,0,1,0,62.1,-8.2,NA
Pakistan,PAK,770,2013,0,1,0,64.1,-7,NA
Pakistan,PAK,770,2014,0,1,0,64.8,-7.1,NA
Pakistan,PAK,770,2015,0,1,0,66.5,-7.9,NA
Pakistan,PAK,770,2016,0,1,0,68.7,-8.3,NA
Pakistan,PAK,770,2017,0,1,0,70.8,-8.5,NA
Pakistan,PAK,770,2018,0,1,0,72.4,-8.7,NA
Peru,PER,135,2006,0,1,0,33.1,1.9,NA
Peru,PER,135,2007,0,1,0,30.4,3.2,NA
Peru,PER,135,2008,0,1,0,25,2.2,NA
Peru,PER,135,2009,0,1,0,28.4,-2.1,NA
Peru,PER,135,2010,0,1,0,24.6,-0.3,NA
Peru,PER,135,2011,0,1,0,22,1.8,NA
Peru,PER,135,2012,0,1,0,19.8,2,NA
Peru,PER,135,2013,0,1,0,17.5,1.8,NA
Peru,PER,135,2014,0,1,0,16.7,1.6,NA
Peru,PER,135,2015,0,1,0,16.2,1.6,NA
Peru,PER,135,2016,0,1,0,15.8,1.8,NA
Peru,PER,135,2017,0,1,0,15.3,2.1,NA
Peru,PER,135,2018,0,1,0,14.9,2,NA
Philippines,PHL,840,2006,0,1,0,51.6,0,NA
Philippines,PHL,840,2007,0,1,0,44.6,-0.3,NA
Philippines,PHL,840,2008,0,1,0,44.2,0,NA
Philippines,PHL,840,2009,0,1,0,44.3,-2.6,NA
Philippines,PHL,840,2010,0,1,0,43.5,-2.5,NA
Philippines,PHL,840,2011,0,1,0,41.9,-0.6,NA
Philippines,PHL,840,2012,0,1,0,41.9,-0.9,NA
Philippines,PHL,840,2013,0,1,0,39.7,-0.8,NA
Philippines,PHL,840,2014,0,1,0,38,-0.9,NA
Philippines,PHL,840,2015,0,1,0,36.4,-0.9,NA
Philippines,PHL,840,2016,0,1,0,34.9,-0.9,NA
Philippines,PHL,840,2017,0,1,0,33.5,-1,NA
Philippines,PHL,840,2018,0,1,0,32.1,-1,NA
Poland,POL,290,1995,0,1,0,NA,NA,-4.180072704
Poland,POL,290,1996,0,1,0,NA,NA,-4.53639996
Poland,POL,290,1997,0,1,0,NA,NA,-4.551604656
Poland,POL,290,1998,0,1,0,NA,NA,-4.165525434
Poland,POL,290,1999,0,1,0,NA,NA,-2.245402035
Poland,POL,290,2000,0,1,0,NA,NA,-2.970949113
Poland,POL,290,2001,0,1,0,NA,NA,-4.783364574
Poland,POL,290,2002,0,1,0,NA,NA,-4.845685637
Poland,POL,290,2003,0,1,0,NA,NA,-6.077098578
Poland,POL,290,2004,0,1,0,NA,NA,-5.043823454
Poland,POL,290,2005,0,1,0,NA,NA,-3.9618443
Poland,POL,290,2006,0,1,0,47.7,-3.6,-3.5573141
Poland,POL,290,2007,0,1,0,45,-1.9,-1.852973
Poland,POL,290,2008,0,1,0,47.1,-3.7,-3.600117879
Poland,POL,290,2009,0,1,0,50.9,-7.4,-7.252690554
Poland,POL,290,2010,0,1,0,54.8,-7.9,-7.34215366
Poland,POL,290,2011,0,1,0,56.4,-5,-4.827217352
Poland,POL,290,2012,0,1,0,55.2,-3.5,-3.711738804
Poland,POL,290,2013,0,1,0,56.8,-3.4,-4.112873779
Poland,POL,290,2014,0,1,0,56.2,-2.9,-3.594653119
Poland,POL,290,2015,0,1,0,55.4,-2.2,-2.639141443
Poland,POL,290,2016,0,1,0,54.3,-2,-2.467937526
Poland,POL,290,2017,0,1,0,53.2,-2,NA
Poland,POL,290,2018,0,1,0,52.1,-1.9,NA
Portugal,PRT,235,1995,1,0,0,NA,NA,-5.178167986
Portugal,PRT,235,1996,1,0,0,NA,NA,-4.737667954
Portugal,PRT,235,1997,1,0,0,NA,NA,-3.70466472
Portugal,PRT,235,1998,1,0,0,NA,NA,-4.386289517
Portugal,PRT,235,1999,1,0,0,NA,NA,-3.030586281
Portugal,PRT,235,2000,1,0,0,NA,NA,-3.214900592
Portugal,PRT,235,2001,1,0,0,NA,NA,-4.788404371
Portugal,PRT,235,2002,1,0,0,NA,NA,-3.340290099
Portugal,PRT,235,2003,1,0,0,NA,NA,-4.421588796
Portugal,PRT,235,2004,1,0,0,NA,NA,-6.194527953
Portugal,PRT,235,2005,1,0,0,NA,NA,-6.19379042
Portugal,PRT,235,2006,1,0,0,63.7,-3.8,-4.327560066
Portugal,PRT,235,2007,1,0,0,68.3,-3.2,-3.008761435
Portugal,PRT,235,2008,1,0,0,71.6,-3.7,-3.765663203
Portugal,PRT,235,2009,1,0,0,83.1,-10.2,-9.805526634
Portugal,PRT,235,2010,1,0,0,93.2,-9.8,-11.17113878
Portugal,PRT,235,2011,1,0,0,108,-4.4,-7.38284137
Portugal,PRT,235,2012,1,0,0,123,-4.9,-5.658666822
Portugal,PRT,235,2013,1,0,0,122.3,-5.5,-4.842423556
Portugal,PRT,235,2014,1,0,0,123.7,-4,-7.165661379
Portugal,PRT,235,2015,1,0,0,122.5,-2.5,-4.40343215
Portugal,PRT,235,2016,1,0,0,119.9,-1.9,-1.975902959
Portugal,PRT,235,2017,1,0,0,117.2,-1.6,NA
Portugal,PRT,235,2018,1,0,0,114.2,-1.2,NA
Romania,ROU,360,2006,0,1,0,12.6,-1.4,NA
Romania,ROU,360,2007,0,1,0,12.7,-3.1,NA
Romania,ROU,360,2008,0,1,0,13.6,-4.8,NA
Romania,ROU,360,2009,0,1,0,23.8,-7.3,NA
Romania,ROU,360,2010,0,1,0,31.1,-6.4,NA
Romania,ROU,360,2011,0,1,0,34.2,-4.3,NA
Romania,ROU,360,2012,0,1,0,37,-2.5,NA
Romania,ROU,360,2013,0,1,0,36.9,-2.1,NA
Romania,ROU,360,2014,0,1,0,36.6,-1.7,NA
Romania,ROU,360,2015,0,1,0,35.9,-1.7,NA
Romania,ROU,360,2016,0,1,0,35.2,-1.8,NA
Romania,ROU,360,2017,0,1,0,34.5,-1.8,NA
Romania,ROU,360,2018,0,1,0,33.8,-1.8,NA
Russian Federation,RUS,365,2006,0,1,0,9,8.3,NA
Russian Federation,RUS,365,2007,0,1,0,8.5,6.8,NA
Russian Federation,RUS,365,2008,0,1,0,7.9,4.9,NA
Russian Federation,RUS,365,2009,0,1,0,11,-6.3,NA
Russian Federation,RUS,365,2010,0,1,0,11,-3.4,NA
Russian Federation,RUS,365,2011,0,1,0,11.7,1.5,3.15429606
Russian Federation,RUS,365,2012,0,1,0,10.9,0.4,1.953717805
Russian Federation,RUS,365,2013,0,1,0,10.4,-0.3,-0.194973195
Russian Federation,RUS,365,2014,0,1,0,11.8,-1,-2.330473854
Russian Federation,RUS,365,2015,0,1,0,12.1,-1.4,-1.467937945
Russian Federation,RUS,365,2016,0,1,0,12.7,-1.7,NA
Russian Federation,RUS,365,2017,0,1,0,13,-1.8,NA
Russian Federation,RUS,365,2018,0,1,0,13.1,-1.7,NA
Saudi Arabia,SAU,670,2006,0,1,0,25.8,24.4,NA
Saudi Arabia,SAU,670,2007,0,1,0,17.1,15,NA
Saudi Arabia,SAU,670,2008,0,1,0,12.1,31.6,NA
Saudi Arabia,SAU,670,2009,0,1,0,14,-4.1,NA
Saudi Arabia,SAU,670,2010,0,1,0,8.5,3,NA
Saudi Arabia,SAU,670,2011,0,1,0,5.4,12.4,NA
Saudi Arabia,SAU,670,2012,0,1,0,3.6,15.2,NA
Saudi Arabia,SAU,670,2013,0,1,0,3.5,9.6,NA
Saudi Arabia,SAU,670,2014,0,1,0,3.5,6.4,NA
Saudi Arabia,SAU,670,2015,0,1,0,3.3,3.5,NA
Saudi Arabia,SAU,670,2016,0,1,0,3.2,2.6,NA
Saudi Arabia,SAU,670,2017,0,1,0,3.1,1.4,NA
Saudi Arabia,SAU,670,2018,0,1,0,2.9,-0.5,NA
Sudan,SDN,625,2006,0,0,1,75,-1.4,NA
Sudan,SDN,625,2007,0,0,1,70.7,-3.5,NA
Sudan,SDN,625,2008,0,0,1,68.8,0.6,NA
Sudan,SDN,625,2009,0,0,1,71.8,-5.1,NA
Sudan,SDN,625,2010,0,0,1,73.1,0.3,NA
Sudan,SDN,625,2011,0,0,1,71,0.2,NA
Sudan,SDN,625,2012,0,0,1,97.6,-5,NA
Sudan,SDN,625,2013,0,0,1,102.9,-4,NA
Sudan,SDN,625,2014,0,0,1,87.2,-3.7,NA
Sudan,SDN,625,2015,0,0,1,76.8,-2.8,NA
Sudan,SDN,625,2016,0,0,1,69.9,-2.1,NA
Sudan,SDN,625,2017,0,0,1,65.1,-1.6,NA
Sudan,SDN,625,2018,0,0,1,63.5,-1.2,NA
Senegal,SEN,433,2006,0,0,1,21.8,-5.4,NA
Senegal,SEN,433,2007,0,0,1,23.5,-3.8,NA
Senegal,SEN,433,2008,0,0,1,23.9,-4.7,NA
Senegal,SEN,433,2009,0,0,1,34.2,-4.9,NA
Senegal,SEN,433,2010,0,0,1,35.7,-5.2,NA
Senegal,SEN,433,2011,0,0,1,40,-6.3,NA
Senegal,SEN,433,2012,0,0,1,45,-5.7,NA
Senegal,SEN,433,2013,0,0,1,47.2,-4.9,NA
Senegal,SEN,433,2014,0,0,1,48.6,-4.3,NA
Senegal,SEN,433,2015,0,0,1,49.3,-3.9,NA
Senegal,SEN,433,2016,0,0,1,49.7,-3.7,NA
Senegal,SEN,433,2017,0,0,1,49.8,-3.6,NA
Senegal,SEN,433,2018,0,0,1,49.4,-3.3,NA
Singapore,SGP,830,2006,1,0,0,86.4,7.1,NA
Singapore,SGP,830,2007,1,0,0,85.6,12,NA
Singapore,SGP,830,2008,1,0,0,96.3,6.5,NA
Singapore,SGP,830,2009,1,0,0,101.5,-0.7,NA
Singapore,SGP,830,2010,1,0,0,99.3,7.2,NA
Singapore,SGP,830,2011,1,0,0,105.2,7.4,NA
Singapore,SGP,830,2012,1,0,0,111,5.6,NA
Singapore,SGP,830,2013,1,0,0,108.2,5,NA
Singapore,SGP,830,2014,1,0,0,104.3,4.9,NA
Singapore,SGP,830,2015,1,0,0,101,4.7,NA
Singapore,SGP,830,2016,1,0,0,98,4.6,NA
Singapore,SGP,830,2017,1,0,0,95.2,4.7,NA
Singapore,SGP,830,2018,1,0,0,92.5,4.7,NA
Slovak Republic,SVK,317,1995,1,0,0,NA,NA,-3.341701811
Slovak Republic,SVK,317,1996,1,0,0,NA,NA,-9.720843551
Slovak Republic,SVK,317,1997,1,0,0,NA,NA,-6.162654767
Slovak Republic,SVK,317,1998,1,0,0,NA,NA,-5.205435198
Slovak Republic,SVK,317,1999,1,0,0,NA,NA,-7.276231085
Slovak Republic,SVK,317,2000,1,0,0,NA,NA,-12.02343474
Slovak Republic,SVK,317,2001,1,0,0,NA,NA,-6.401312107
Slovak Republic,SVK,317,2002,1,0,0,NA,NA,-8.088043935
Slovak Republic,SVK,317,2003,1,0,0,NA,NA,-2.703025426
Slovak Republic,SVK,317,2004,1,0,0,NA,NA,-2.308470173
Slovak Republic,SVK,317,2005,1,0,0,NA,NA,-2.883323113
Slovak Republic,SVK,317,2006,1,0,0,30.5,-2.6,-3.591975662
Slovak Republic,SVK,317,2007,1,0,0,29.4,-1.6,-1.948761854
Slovak Republic,SVK,317,2008,1,0,0,27.9,-2,-2.427756749
Slovak Republic,SVK,317,2009,1,0,0,35.6,-8,-7.804203551
Slovak Republic,SVK,317,2010,1,0,0,41,-7.7,-7.484926001
Slovak Republic,SVK,317,2011,1,0,0,43.3,-4.9,-4.276949654
Slovak Republic,SVK,317,2012,1,0,0,52.3,-4.9,-4.34489321
Slovak Republic,SVK,317,2013,1,0,0,55.3,-3.2,-2.719985782
Slovak Republic,SVK,317,2014,1,0,0,56.4,-3,-2.702299577
Slovak Republic,SVK,317,2015,1,0,0,56.6,-2.9,-2.737246342
Slovak Republic,SVK,317,2016,1,0,0,56.7,-2.9,-2.185857435
Slovak Republic,SVK,317,2017,1,0,0,56.6,-2.9,NA
Slovak Republic,SVK,317,2018,1,0,0,56.6,-2.9,NA
Slovenia,SVN,349,1995,1,0,0,NA,NA,-8.177041998
Slovenia,SVN,349,1996,1,0,0,NA,NA,-1.097023663
Slovenia,SVN,349,1997,1,0,0,NA,NA,-2.310658484
Slovenia,SVN,349,1998,1,0,0,NA,NA,-2.330454466
Slovenia,SVN,349,1999,1,0,0,NA,NA,-2.976869544
Slovenia,SVN,349,2000,1,0,0,NA,NA,-3.639567048
Slovenia,SVN,349,2001,1,0,0,NA,NA,-3.882721155
Slovenia,SVN,349,2002,1,0,0,NA,NA,-2.403430386
Slovenia,SVN,349,2003,1,0,0,NA,NA,-2.618680762
Slovenia,SVN,349,2004,1,0,0,NA,NA,-1.964788504
Slovenia,SVN,349,2005,1,0,0,NA,NA,-1.332895296
Slovenia,SVN,349,2006,1,0,0,26.4,-0.8,-1.204327077
Slovenia,SVN,349,2007,1,0,0,23.1,0.3,-0.081075104
Slovenia,SVN,349,2008,1,0,0,22,-0.3,-1.41315727
Slovenia,SVN,349,2009,1,0,0,35,-5.5,-5.840618724
Slovenia,SVN,349,2010,1,0,0,38.6,-5.3,-5.634904811
Slovenia,SVN,349,2011,1,0,0,46.9,-5.6,-6.671915479
Slovenia,SVN,349,2012,1,0,0,52.6,-3.2,-4.043564606
Slovenia,SVN,349,2013,1,0,0,68.8,-6.9,-14.67860741
Slovenia,SVN,349,2014,1,0,0,71.7,-4.3,-5.295324843
Slovenia,SVN,349,2015,1,0,0,73.7,-4.1,-2.88884496
Slovenia,SVN,349,2016,1,0,0,75,-3.8,-1.866364783
Slovenia,SVN,349,2017,1,0,0,75.8,-3.3,NA
Slovenia,SVN,349,2018,1,0,0,76.2,-2.9,NA
Sweden,SWE,380,1995,1,0,0,NA,NA,-7.02838558
Sweden,SWE,380,1996,1,0,0,NA,NA,-3.111139866
Sweden,SWE,380,1997,1,0,0,NA,NA,-1.574536427
Sweden,SWE,380,1998,1,0,0,NA,NA,0.838834966
Sweden,SWE,380,1999,1,0,0,NA,NA,0.758449836
Sweden,SWE,380,2000,1,0,0,NA,NA,3.224977083
Sweden,SWE,380,2001,1,0,0,NA,NA,1.423694479
Sweden,SWE,380,2002,1,0,0,NA,NA,-1.452754919
Sweden,SWE,380,2003,1,0,0,NA,NA,-1.282229408
Sweden,SWE,380,2004,1,0,0,NA,NA,0.3511086
Sweden,SWE,380,2005,1,0,0,NA,NA,1.829568625
Sweden,SWE,380,2006,1,0,0,45.2,2.2,2.206041081
Sweden,SWE,380,2007,1,0,0,40.1,3.6,3.354571492
Sweden,SWE,380,2008,1,0,0,38.8,2.2,1.900461064
Sweden,SWE,380,2009,1,0,0,42.5,-1,-0.71682942
Sweden,SWE,380,2010,1,0,0,39.4,-0.1,-0.032301191
Sweden,SWE,380,2011,1,0,0,38.3,0.1,-0.207188308
Sweden,SWE,380,2012,1,0,0,38,-0.4,-0.981898611
Sweden,SWE,380,2013,1,0,0,37.7,-0.8,-1.364966634
Sweden,SWE,380,2014,1,0,0,36.5,-0.5,-1.560566343
Sweden,SWE,380,2015,1,0,0,33.7,1.2,0.183172772
Sweden,SWE,380,2016,1,0,0,30.3,1.8,1.185819476
Sweden,SWE,380,2017,1,0,0,27,1.8,NA
Sweden,SWE,380,2018,1,0,0,23.9,1.8,NA
Chad,TCD,483,2006,0,0,1,31.2,2.6,NA
Chad,TCD,483,2007,0,0,1,26,3.1,NA
Chad,TCD,483,2008,0,0,1,23.4,4.5,NA
Chad,TCD,483,2009,0,0,1,30.5,-9.9,NA
Chad,TCD,483,2010,0,0,1,32.8,-5.2,NA
Chad,TCD,483,2011,0,0,1,36.1,2.8,NA
Chad,TCD,483,2012,0,0,1,34.5,-1.4,NA
Chad,TCD,483,2013,0,0,1,36.1,-3.4,NA
Chad,TCD,483,2014,0,0,1,34.3,-1.4,NA
Chad,TCD,483,2015,0,0,1,31.8,2.2,NA
Chad,TCD,483,2016,0,0,1,32,1.7,NA
Chad,TCD,483,2017,0,0,1,31.8,1,NA
Chad,TCD,483,2018,0,0,1,31.9,1.5,NA
Thailand,THA,800,2006,0,1,0,42,2.2,NA
Thailand,THA,800,2007,0,1,0,38.3,0.2,NA
Thailand,THA,800,2008,0,1,0,37.3,0.1,NA
Thailand,THA,800,2009,0,1,0,45.2,-3.2,NA
Thailand,THA,800,2010,0,1,0,42.6,-0.8,NA
Thailand,THA,800,2011,0,1,0,41.7,-0.7,NA
Thailand,THA,800,2012,0,1,0,44.3,-1.7,NA
Thailand,THA,800,2013,0,1,0,45.9,-2.7,NA
Thailand,THA,800,2014,0,1,0,48.2,-3.4,NA
Thailand,THA,800,2015,0,1,0,49.5,-1.9,NA
Thailand,THA,800,2016,0,1,0,50.6,-1.9,NA
Thailand,THA,800,2017,0,1,0,51.5,-1.9,NA
Thailand,THA,800,2018,0,1,0,52.3,-1.8,NA
Turkey,TUR,640,2006,0,1,0,46.5,0,NA
Turkey,TUR,640,2007,0,1,0,39.9,-1.7,NA
Turkey,TUR,640,2008,0,1,0,40,-2.3,NA
Turkey,TUR,640,2009,0,1,0,46.1,-5.6,-6.17397425
Turkey,TUR,640,2010,0,1,0,42.4,-2.3,-2.684435359
Turkey,TUR,640,2011,0,1,0,39.2,-0.4,-0.741717203
Turkey,TUR,640,2012,0,1,0,36.4,-1.5,-0.188460338
Turkey,TUR,640,2013,0,1,0,35.5,-2.2,0.205140758
Turkey,TUR,640,2014,0,1,0,35.4,-2.3,0.244495831
Turkey,TUR,640,2015,0,1,0,35.1,-2.3,1.309453925
Turkey,TUR,640,2016,0,1,0,34.8,-2.3,NA
Turkey,TUR,640,2017,0,1,0,34.5,-2.2,NA
Turkey,TUR,640,2018,0,1,0,33.4,-2.1,NA
Tanzania,TZA,510,2006,0,0,1,42.6,-4.5,NA
Tanzania,TZA,510,2007,0,0,1,28.4,-1.9,NA
Tanzania,TZA,510,2008,0,0,1,29.2,-2.6,NA
Tanzania,TZA,510,2009,0,0,1,32.6,-6,NA
Tanzania,TZA,510,2010,0,0,1,37.7,-6.5,NA
Tanzania,TZA,510,2011,0,0,1,40,-5,NA
Tanzania,TZA,510,2012,0,0,1,41.4,-5,NA
Tanzania,TZA,510,2013,0,0,1,44.9,-5.3,NA
Tanzania,TZA,510,2014,0,0,1,46.4,-4.5,NA
Tanzania,TZA,510,2015,0,0,1,47,-3.8,NA
Tanzania,TZA,510,2016,0,0,1,47,-3.2,NA
Tanzania,TZA,510,2017,0,0,1,46.7,-2.9,NA
Tanzania,TZA,510,2018,0,0,1,46.6,-2.8,NA
Uganda,UGA,500,2006,0,0,1,72.5,-0.7,NA
Uganda,UGA,500,2007,0,0,1,23.6,-1.1,NA
Uganda,UGA,500,2008,0,0,1,22.1,-2.8,NA
Uganda,UGA,500,2009,0,0,1,22.2,-2.4,NA
Uganda,UGA,500,2010,0,0,1,27,-6.7,NA
Uganda,UGA,500,2011,0,0,1,32.2,-3.2,NA
Uganda,UGA,500,2012,0,0,1,34.5,-3.6,NA
Uganda,UGA,500,2013,0,0,1,37.6,-3.1,NA
Uganda,UGA,500,2014,0,0,1,40.6,-4.8,NA
Uganda,UGA,500,2015,0,0,1,42.2,-4.2,NA
Uganda,UGA,500,2016,0,0,1,43.2,-3.5,NA
Uganda,UGA,500,2017,0,0,1,42.6,-2.7,NA
Uganda,UGA,500,2018,0,0,1,41.3,-2.7,NA
Ukraine,UKR,369,2006,0,1,0,14.8,-1.4,NA
Ukraine,UKR,369,2007,0,1,0,12.3,-2,NA
Ukraine,UKR,369,2008,0,1,0,20.5,-3.2,NA
Ukraine,UKR,369,2009,0,1,0,35.4,-6.3,NA
Ukraine,UKR,369,2010,0,1,0,40.5,-5.8,NA
Ukraine,UKR,369,2011,0,1,0,36.8,-2.8,NA
Ukraine,UKR,369,2012,0,1,0,37.4,-4.6,NA
Ukraine,UKR,369,2013,0,1,0,42.2,-4.5,NA
Ukraine,UKR,369,2014,0,1,0,43.6,-5.4,NA
Ukraine,UKR,369,2015,0,1,0,43.4,-4.2,NA
Ukraine,UKR,369,2016,0,1,0,42.9,-3.5,NA
Ukraine,UKR,369,2017,0,1,0,42.1,-3.4,NA
Ukraine,UKR,369,2018,0,1,0,41.7,-3.4,NA
United States,USA,2,1970,1,0,0,NA,NA,-4.276948072
United States,USA,2,1971,1,0,0,NA,NA,-5.099891246
United States,USA,2,1972,1,0,0,NA,NA,-3.801866585
United States,USA,2,1973,1,0,0,NA,NA,-2.446188405
United States,USA,2,1974,1,0,0,NA,NA,-3.017706971
United States,USA,2,1975,1,0,0,NA,NA,-6.934952037
United States,USA,2,1976,1,0,0,NA,NA,-4.843184364
United States,USA,2,1977,1,0,0,NA,NA,-3.575874985
United States,USA,2,1978,1,0,0,NA,NA,-2.744878045
United States,USA,2,1979,1,0,0,NA,NA,-2.251853338
United States,USA,2,1980,1,0,0,NA,NA,-3.639784035
United States,USA,2,1981,1,0,0,NA,NA,-3.160958917
United States,USA,2,1982,1,0,0,NA,NA,-5.678460719
United States,USA,2,1983,1,0,0,NA,NA,-6.389341578
United States,USA,2,1984,1,0,0,NA,NA,-5.299709728
United States,USA,2,1985,1,0,0,NA,NA,-5.449884902
United States,USA,2,1986,1,0,0,NA,NA,-5.630267387
United States,USA,2,1987,1,0,0,NA,NA,-4.609856193
United States,USA,2,1988,1,0,0,NA,NA,-3.960473888
United States,USA,2,1989,1,0,0,NA,NA,-3.812313606
United States,USA,2,1990,1,0,0,NA,NA,-4.725124085
United States,USA,2,1991,1,0,0,NA,NA,-5.542057287
United States,USA,2,1992,1,0,0,NA,NA,-6.611335558
United States,USA,2,1993,1,0,0,NA,NA,-5.794175601
United States,USA,2,1994,1,0,0,NA,NA,-4.470556203
United States,USA,2,1995,1,0,0,NA,NA,-4.120635799
United States,USA,2,1996,1,0,0,NA,NA,-2.978827316
United States,USA,2,1997,1,0,0,NA,NA,-1.599915897
United States,USA,2,1998,1,0,0,NA,NA,-0.394810614
United States,USA,2,1999,1,0,0,NA,NA,-0.002774148
United States,USA,2,2000,1,0,0,NA,NA,0.801932642
United States,USA,2,2001,1,0,0,NA,NA,-1.365725887
United States,USA,2,2002,1,0,0,NA,NA,-4.730269531
United States,USA,2,2003,1,0,0,NA,NA,-5.878980111
United States,USA,2,2004,1,0,0,NA,NA,-5.437319062
United States,USA,2,2005,1,0,0,NA,NA,-4.150438156
United States,USA,2,2006,1,0,0,66.1,-2,-2.97076593
United States,USA,2,2007,1,0,0,66.5,-2.7,-3.547499298
United States,USA,2,2008,1,0,0,75.5,-6.7,-7.020112399
United States,USA,2,2009,1,0,0,89.1,-13.3,-12.67384062
United States,USA,2,2010,1,0,0,98.2,-11.1,-12.01304004
United States,USA,2,2011,1,0,0,102.5,-10,-10.61121183
United States,USA,2,2012,1,0,0,106.5,-8.5,-8.856189628
United States,USA,2,2013,1,0,0,108.1,-6.5,-5.355822362
United States,USA,2,2014,1,0,0,109.2,-5.4,-4.776805585
United States,USA,2,2015,1,0,0,108.4,-4.1,-4.222791663
United States,USA,2,2016,1,0,0,107.5,-4.1,-4.93955937
United States,USA,2,2017,1,0,0,106.9,-4.2,NA
United States,USA,2,2018,1,0,0,106.7,-4.2,NA
Uzbekistan,UZB,704,2006,0,0,1,21.3,5.4,NA
Uzbekistan,UZB,704,2007,0,0,1,15.8,5.2,NA
Uzbekistan,UZB,704,2008,0,0,1,12.7,10.2,NA
Uzbekistan,UZB,704,2009,0,0,1,11,2.8,NA
Uzbekistan,UZB,704,2010,0,0,1,10,4.9,NA
Uzbekistan,UZB,704,2011,0,0,1,9.1,8.8,NA
Uzbekistan,UZB,704,2012,0,0,1,8.6,4.7,NA
Uzbekistan,UZB,704,2013,0,0,1,8.5,1.8,NA
Uzbekistan,UZB,704,2014,0,0,1,8.6,2.7,NA
Uzbekistan,UZB,704,2015,0,0,1,8.8,2.3,NA
Uzbekistan,UZB,704,2016,0,0,1,8.9,2.1,NA
Uzbekistan,UZB,704,2017,0,0,1,9.2,2,NA
Uzbekistan,UZB,704,2018,0,0,1,9.4,1.9,NA
Vietnam,VNM,817,2006,0,0,1,41.8,0.3,NA
Vietnam,VNM,817,2007,0,0,1,44.6,-2.2,NA
Vietnam,VNM,817,2008,0,0,1,42.9,-0.5,NA
Vietnam,VNM,817,2009,0,0,1,51.2,-7.2,NA
Vietnam,VNM,817,2010,0,0,1,54,-3.1,NA
Vietnam,VNM,817,2011,0,0,1,50.8,-3.2,NA
Vietnam,VNM,817,2012,0,0,1,52.1,-5.2,NA
Vietnam,VNM,817,2013,0,0,1,50.9,-4,NA
Vietnam,VNM,817,2014,0,0,1,50.8,-4,NA
Vietnam,VNM,817,2015,0,0,1,50.4,-2.9,NA
Vietnam,VNM,817,2016,0,0,1,48.9,-2.7,NA
Vietnam,VNM,817,2017,0,0,1,47.5,-2.5,NA
Vietnam,VNM,817,2018,0,0,1,45.9,-2.2,NA
Yemen,YEM,679,2006,0,0,1,40.8,1.2,NA
Yemen,YEM,679,2007,0,0,1,40.4,-7.2,NA
Yemen,YEM,679,2008,0,0,1,36.4,-4.5,NA
Yemen,YEM,679,2009,0,0,1,49.9,-10.2,NA
Yemen,YEM,679,2010,0,0,1,40.9,-4,NA
Yemen,YEM,679,2011,0,0,1,43.2,-4.3,NA
Yemen,YEM,679,2012,0,0,1,46.7,-5.5,NA
Yemen,YEM,679,2013,0,0,1,48.5,-5.8,NA
Yemen,YEM,679,2014,0,0,1,48.7,-3.7,NA
Yemen,YEM,679,2015,0,0,1,49.5,-5.1,NA
Yemen,YEM,679,2016,0,0,1,50.4,-5.1,NA
Yemen,YEM,679,2017,0,0,1,50,-4.1,NA
Yemen,YEM,679,2018,0,0,1,49.2,-3.9,NA
South Africa,ZAF,560,2006,0,1,0,32.6,1.2,NA
South Africa,ZAF,560,2007,0,1,0,28.3,1.4,NA
South Africa,ZAF,560,2008,0,1,0,27.8,-0.4,-1.737860074
South Africa,ZAF,560,2009,0,1,0,31.3,-5.5,-3.854204509
South Africa,ZAF,560,2010,0,1,0,35.8,-5.1,-3.140898431
South Africa,ZAF,560,2011,0,1,0,39.6,-4,-2.956021679
South Africa,ZAF,560,2012,0,1,0,42.3,-4.8,-3.186808672
South Africa,ZAF,560,2013,0,1,0,42.7,-4.8,-3.27211318
South Africa,ZAF,560,2014,0,1,0,43.7,-4.2,-4.060822886
South Africa,ZAF,560,2015,0,1,0,44.4,-3.4,NA
South Africa,ZAF,560,2016,0,1,0,44.7,-3.3,NA
South Africa,ZAF,560,2017,0,1,0,44.8,-3.2,NA
South Africa,ZAF,560,2018,0,1,0,44.8,-3.1,NA
Zambia,ZMB,551,2006,0,0,1,29.8,20.2,NA
Zambia,ZMB,551,2007,0,0,1,26.7,-1.3,NA
Zambia,ZMB,551,2008,0,0,1,23.5,-0.8,NA
Zambia,ZMB,551,2009,0,0,1,26.9,-2.5,NA
Zambia,ZMB,551,2010,0,0,1,25.8,-3,NA
Zambia,ZMB,551,2011,0,0,1,25.1,-2.2,NA
Zambia,ZMB,551,2012,0,0,1,26.9,-4.5,NA
Zambia,ZMB,551,2013,0,0,1,28.7,-4.6,NA
Zambia,ZMB,551,2014,0,0,1,29.7,-3.4,NA
Zambia,ZMB,551,2015,0,0,1,31.1,-3.8,NA
Zambia,ZMB,551,2016,0,0,1,33.3,-4.9,NA
Zambia,ZMB,551,2017,0,0,1,35.4,-4.9,NA
Zambia,ZMB,551,2018,0,0,1,36.9,-4.4,NA
Costa Rica,CRI,94,2000,NA,NA,NA,NA,NA,-0.936385613
Costa Rica,CRI,94,2001,NA,NA,NA,NA,NA,-1.492852397
Costa Rica,CRI,94,2002,NA,NA,NA,NA,NA,-2.248195017
Costa Rica,CRI,94,2003,NA,NA,NA,NA,NA,-1.182432359
Costa Rica,CRI,94,2004,NA,NA,NA,NA,NA,-1.386924528
Costa Rica,CRI,94,2005,NA,NA,NA,NA,NA,-2.272509623
Costa Rica,CRI,94,2006,NA,NA,NA,NA,NA,0.149106884
Costa Rica,CRI,94,2007,NA,NA,NA,NA,NA,1.224300485
Costa Rica,CRI,94,2008,NA,NA,NA,NA,NA,-1.500786887
Costa Rica,CRI,94,2009,NA,NA,NA,NA,NA,-2.850266428
Costa Rica,CRI,94,2010,NA,NA,NA,NA,NA,-5.922281789
Costa Rica,CRI,94,2011,NA,NA,NA,NA,NA,-4.809451193
Costa Rica,CRI,94,2012,NA,NA,NA,NA,NA,-1.759511681
Costa Rica,CRI,94,2013,NA,NA,NA,NA,NA,-2.677555442
Costa Rica,CRI,94,2014,NA,NA,NA,NA,NA,-1.450365266
Costa Rica,CRI,94,2015,NA,NA,NA,NA,NA,-2.51084677
Costa Rica,CRI,94,2016,NA,NA,NA,NA,NA,-2.985344529
NA,EU,NA,2001,NA,NA,NA,NA,NA,-1.566342706
NA,EU,NA,2002,NA,NA,NA,NA,NA,-2.590971277
NA,EU,NA,2003,NA,NA,NA,NA,NA,-3.17322054
NA,EU,NA,2004,NA,NA,NA,NA,NA,-2.842817097
NA,EU,NA,2005,NA,NA,NA,NA,NA,-2.488063939
NA,EU,NA,2006,NA,NA,NA,NA,NA,-1.606190834
NA,EU,NA,2007,NA,NA,NA,NA,NA,-0.862982932
NA,EU,NA,2008,NA,NA,NA,NA,NA,-2.482377241
NA,EU,NA,2009,NA,NA,NA,NA,NA,-6.614123415
NA,EU,NA,2010,NA,NA,NA,NA,NA,-6.393734944
NA,EU,NA,2011,NA,NA,NA,NA,NA,-4.55596777
NA,EU,NA,2012,NA,NA,NA,NA,NA,-4.241864303
NA,EU,NA,2013,NA,NA,NA,NA,NA,-3.308470969
NA,EU,NA,2014,NA,NA,NA,NA,NA,-2.958999238
NA,EU,NA,2015,NA,NA,NA,NA,NA,-2.377783131
NA,EU,NA,2016,NA,NA,NA,NA,NA,-1.673107273
Luxembourg,LUX,212,1995,NA,NA,NA,NA,NA,2.668629907
Luxembourg,LUX,212,1996,NA,NA,NA,NA,NA,1.592839534
Luxembourg,LUX,212,1997,NA,NA,NA,NA,NA,2.801249953
Luxembourg,LUX,212,1998,NA,NA,NA,NA,NA,3.234901921
Luxembourg,LUX,212,1999,NA,NA,NA,NA,NA,3.479576552
Luxembourg,LUX,212,2000,NA,NA,NA,NA,NA,5.888406463
Luxembourg,LUX,212,2001,NA,NA,NA,NA,NA,5.909407096
Luxembourg,LUX,212,2002,NA,NA,NA,NA,NA,2.44083305
Luxembourg,LUX,212,2003,NA,NA,NA,NA,NA,0.185964528
Luxembourg,LUX,212,2004,NA,NA,NA,NA,NA,-1.283097372
Luxembourg,LUX,212,2005,NA,NA,NA,NA,NA,0.077619689
Luxembourg,LUX,212,2006,NA,NA,NA,NA,NA,1.935906842
Luxembourg,LUX,212,2007,NA,NA,NA,NA,NA,4.151201902
Luxembourg,LUX,212,2008,NA,NA,NA,NA,NA,3.319871778
Luxembourg,LUX,212,2009,NA,NA,NA,NA,NA,-0.674725529
Luxembourg,LUX,212,2010,NA,NA,NA,NA,NA,-0.658248886
Luxembourg,LUX,212,2011,NA,NA,NA,NA,NA,0.512850262
Luxembourg,LUX,212,2012,NA,NA,NA,NA,NA,0.344962079
Luxembourg,LUX,212,2013,NA,NA,NA,NA,NA,0.975437841
Luxembourg,LUX,212,2014,NA,NA,NA,NA,NA,1.344048574
Luxembourg,LUX,212,2015,NA,NA,NA,NA,NA,1.381884059
Luxembourg,LUX,212,2016,NA,NA,NA,NA,NA,1.631480855