Country.name,cown,iso,advanced,emerging,low_income,year,debt,deficit
Argentina,160,ARG,0,1,0,2006,76.4,-1
Argentina,160,ARG,0,1,0,2007,67.4,-2.1
Argentina,160,ARG,0,1,0,2008,58.5,-0.9
Argentina,160,ARG,0,1,0,2009,58.7,-3.6
Argentina,160,ARG,0,1,0,2010,49.2,-1.4
Argentina,160,ARG,0,1,0,2011,44.9,-3.5
Argentina,160,ARG,0,1,0,2012,44.9,-4.3
Argentina,160,ARG,0,1,0,2013,42.4,-2.7
Argentina,160,ARG,0,1,0,2014,41.7,-2.4
Argentina,160,ARG,0,1,0,2015,40.5,-2.9
Argentina,160,ARG,0,1,0,2016,39,-2.5
Argentina,160,ARG,0,1,0,2017,37.3,-2.2
Argentina,160,ARG,0,1,0,2018,35.4,-1.9
Armenia,371,ARM,0,0,1,2006,16.2,-2
Armenia,371,ARM,0,0,1,2007,14.2,-2.3
Armenia,371,ARM,0,0,1,2008,14.6,-1.8
Armenia,371,ARM,0,0,1,2009,34.1,-7.7
Armenia,371,ARM,0,0,1,2010,33.7,-5
Armenia,371,ARM,0,0,1,2011,35.5,-2.9
Armenia,371,ARM,0,0,1,2012,39.5,-1.5
Armenia,371,ARM,0,0,1,2013,42.6,-2.8
Armenia,371,ARM,0,0,1,2014,45.2,-2.3
Armenia,371,ARM,0,0,1,2015,44.5,-2
Armenia,371,ARM,0,0,1,2016,44.8,-2
Armenia,371,ARM,0,0,1,2017,43.8,-2
Armenia,371,ARM,0,0,1,2018,44.7,-2
Australia,900,AUS,1,0,0,2006,10,1.8
Australia,900,AUS,1,0,0,2007,9.7,1.3
Australia,900,AUS,1,0,0,2008,11.8,-0.8
Australia,900,AUS,1,0,0,2009,16.8,-4.1
Australia,900,AUS,1,0,0,2010,20.5,-4.7
Australia,900,AUS,1,0,0,2011,24.1,-4.2
Australia,900,AUS,1,0,0,2012,27.2,-2.9
Australia,900,AUS,1,0,0,2013,27.6,-1.1
Australia,900,AUS,1,0,0,2014,26.7,-0.2
Australia,900,AUS,1,0,0,2015,25.1,0.3
Australia,900,AUS,1,0,0,2016,23.6,0.5
Australia,900,AUS,1,0,0,2017,21.9,0.7
Australia,900,AUS,1,0,0,2018,17.1,0.8
Austria,305,AUT,1,0,0,2006,62.3,-1.7
Austria,305,AUT,1,0,0,2007,60.2,-1
Austria,305,AUT,1,0,0,2008,63.8,-1
Austria,305,AUT,1,0,0,2009,69.2,-4.1
Austria,305,AUT,1,0,0,2010,72,-4.5
Austria,305,AUT,1,0,0,2011,72.4,-2.5
Austria,305,AUT,1,0,0,2012,73.7,-2.5
Austria,305,AUT,1,0,0,2013,74.2,-2.2
Austria,305,AUT,1,0,0,2014,73.7,-1.5
Austria,305,AUT,1,0,0,2015,72.7,-1.1
Austria,305,AUT,1,0,0,2016,71.8,-1
Austria,305,AUT,1,0,0,2017,70.6,-1
Austria,305,AUT,1,0,0,2018,69.4,-1
Belgium,211,BEL,1,0,0,2006,88,0.3
Belgium,211,BEL,1,0,0,2007,84,-0.1
Belgium,211,BEL,1,0,0,2008,89.2,-1.1
Belgium,211,BEL,1,0,0,2009,95.7,-5.6
Belgium,211,BEL,1,0,0,2010,95.5,-3.9
Belgium,211,BEL,1,0,0,2011,97.8,-3.9
Belgium,211,BEL,1,0,0,2012,99.6,-4
Belgium,211,BEL,1,0,0,2013,100.3,-2.6
Belgium,211,BEL,1,0,0,2014,99.8,-2.1
Belgium,211,BEL,1,0,0,2015,99,-1.7
Belgium,211,BEL,1,0,0,2016,97.5,-1
Belgium,211,BEL,1,0,0,2017,95.3,-0.4
Belgium,211,BEL,1,0,0,2018,92.7,0
Bolivia,145,BOL,0,0,1,2006,55.2,4.5
Bolivia,145,BOL,0,0,1,2007,40.5,1.7
Bolivia,145,BOL,0,0,1,2008,37.2,3.6
Bolivia,145,BOL,0,0,1,2009,40,0.2
Bolivia,145,BOL,0,0,1,2010,38.5,1.7
Bolivia,145,BOL,0,0,1,2011,34.7,0.8
Bolivia,145,BOL,0,0,1,2012,33.1,1.8
Bolivia,145,BOL,0,0,1,2013,34.2,1.5
Bolivia,145,BOL,0,0,1,2014,33.3,1.4
Bolivia,145,BOL,0,0,1,2015,32.2,1.3
Bolivia,145,BOL,0,0,1,2016,31.1,1.2
Bolivia,145,BOL,0,0,1,2017,29.9,1.1
Bolivia,145,BOL,0,0,1,2018,28.5,1
Brazil,140,BRA,0,1,0,2006,66.7,-3.5
Brazil,140,BRA,0,1,0,2007,65.2,-2.7
Brazil,140,BRA,0,1,0,2008,63.5,-1.4
Brazil,140,BRA,0,1,0,2009,66.9,-3.1
Brazil,140,BRA,0,1,0,2010,65.2,-2.7
Brazil,140,BRA,0,1,0,2011,64.9,-2.5
Brazil,140,BRA,0,1,0,2012,68.5,-2.8
Brazil,140,BRA,0,1,0,2013,67.2,-1.2
Brazil,140,BRA,0,1,0,2014,65.9,-1.7
Brazil,140,BRA,0,1,0,2015,64.5,-1.8
Brazil,140,BRA,0,1,0,2016,62.7,-1.6
Brazil,140,BRA,0,1,0,2017,61.3,-1.5
Brazil,140,BRA,0,1,0,2018,60.4,-1.4
Bulgaria,355,BGR,0,1,0,2006,23.4,3.3
Bulgaria,355,BGR,0,1,0,2007,18.6,3.3
Bulgaria,355,BGR,0,1,0,2008,15.5,2.9
Bulgaria,355,BGR,0,1,0,2009,15.6,-0.9
Bulgaria,355,BGR,0,1,0,2010,14.9,-3.9
Bulgaria,355,BGR,0,1,0,2011,15.4,-2
Bulgaria,355,BGR,0,1,0,2012,18.5,-0.5
Bulgaria,355,BGR,0,1,0,2013,17.8,-1.4
Bulgaria,355,BGR,0,1,0,2014,20.2,-0.6
Bulgaria,355,BGR,0,1,0,2015,18.3,0
Bulgaria,355,BGR,0,1,0,2016,17.7,0.5
Bulgaria,355,BGR,0,1,0,2017,14.6,0.8
Bulgaria,355,BGR,0,1,0,2018,11.9,0.9
Burkina Faso,439,BFA,0,0,1,2006,22.6,16.1
Burkina Faso,439,BFA,0,0,1,2007,22,-6.7
Burkina Faso,439,BFA,0,0,1,2008,23.6,-4.3
Burkina Faso,439,BFA,0,0,1,2009,26.1,-5.3
Burkina Faso,439,BFA,0,0,1,2010,27.1,-4.7
Burkina Faso,439,BFA,0,0,1,2011,29.3,-2.5
Burkina Faso,439,BFA,0,0,1,2012,27.7,-3.1
Burkina Faso,439,BFA,0,0,1,2013,25.2,-2.6
Burkina Faso,439,BFA,0,0,1,2014,24.3,-3
Burkina Faso,439,BFA,0,0,1,2015,23.8,-2.9
Burkina Faso,439,BFA,0,0,1,2016,23.4,-2.7
Burkina Faso,439,BFA,0,0,1,2017,23.1,-2.3
Burkina Faso,439,BFA,0,0,1,2018,22.9,-2.2
Cambodia,811,KHM,0,0,1,2006,32.7,-0.2
Cambodia,811,KHM,0,0,1,2007,30.6,-0.7
Cambodia,811,KHM,0,0,1,2008,27.5,0.3
Cambodia,811,KHM,0,0,1,2009,28.9,-4.2
Cambodia,811,KHM,0,0,1,2010,29.1,-2.8
Cambodia,811,KHM,0,0,1,2011,28.5,-4.1
Cambodia,811,KHM,0,0,1,2012,28.5,-3.2
Cambodia,811,KHM,0,0,1,2013,28.1,-2.7
Cambodia,811,KHM,0,0,1,2014,28.3,-2.2
Cambodia,811,KHM,0,0,1,2015,27.8,-1.5
Cambodia,811,KHM,0,0,1,2016,27.2,-1
Cambodia,811,KHM,0,0,1,2017,26.3,-0.6
Cambodia,811,KHM,0,0,1,2018,25.7,-0.6
Cameroon,471,CMR,0,0,1,2006,15.9,32.8
Cameroon,471,CMR,0,0,1,2007,12,4.5
Cameroon,471,CMR,0,0,1,2008,9.5,2.3
Cameroon,471,CMR,0,0,1,2009,10.6,-0.1
Cameroon,471,CMR,0,0,1,2010,12.1,-1.1
Cameroon,471,CMR,0,0,1,2011,13.9,-2.8
Cameroon,471,CMR,0,0,1,2012,14.9,-0.9
Cameroon,471,CMR,0,0,1,2013,17.7,-4
Cameroon,471,CMR,0,0,1,2014,21.6,-4.6
Cameroon,471,CMR,0,0,1,2015,25.3,-4.8
Cameroon,471,CMR,0,0,1,2016,28.8,-4.9
Cameroon,471,CMR,0,0,1,2017,32.4,-5.3
Cameroon,471,CMR,0,0,1,2018,35.3,-5
Canada,20,CAN,1,0,0,2006,70.3,1.8
Canada,20,CAN,1,0,0,2007,66.5,1.5
Canada,20,CAN,1,0,0,2008,71.3,-0.3
Canada,20,CAN,1,0,0,2009,81.4,-4.8
Canada,20,CAN,1,0,0,2010,83,-5.2
Canada,20,CAN,1,0,0,2011,83.4,-4
Canada,20,CAN,1,0,0,2012,85.6,-3.2
Canada,20,CAN,1,0,0,2013,87,-2.8
Canada,20,CAN,1,0,0,2014,84.6,-2.3
Canada,20,CAN,1,0,0,2015,83,-1.7
Canada,20,CAN,1,0,0,2016,81.6,-1.2
Canada,20,CAN,1,0,0,2017,79.9,-0.9
Canada,20,CAN,1,0,0,2018,78.2,-0.8
Chad,483,TCD,0,0,1,2006,31.2,2.6
Chad,483,TCD,0,0,1,2007,26,3.1
Chad,483,TCD,0,0,1,2008,23.4,4.5
Chad,483,TCD,0,0,1,2009,30.5,-9.9
Chad,483,TCD,0,0,1,2010,32.8,-5.2
Chad,483,TCD,0,0,1,2011,36.1,2.8
Chad,483,TCD,0,0,1,2012,34.5,-1.4
Chad,483,TCD,0,0,1,2013,36.1,-3.4
Chad,483,TCD,0,0,1,2014,34.3,-1.4
Chad,483,TCD,0,0,1,2015,31.8,2.2
Chad,483,TCD,0,0,1,2016,32,1.7
Chad,483,TCD,0,0,1,2017,31.8,1
Chad,483,TCD,0,0,1,2018,31.9,1.5
Chile,155,CHL,0,1,0,2006,5,7.4
Chile,155,CHL,0,1,0,2007,3.9,7.9
Chile,155,CHL,0,1,0,2008,4.9,4.1
Chile,155,CHL,0,1,0,2009,5.8,-4.1
Chile,155,CHL,0,1,0,2010,8.6,-0.3
Chile,155,CHL,0,1,0,2011,11.1,1.4
Chile,155,CHL,0,1,0,2012,11.2,0.6
Chile,155,CHL,0,1,0,2013,11.1,0.1
Chile,155,CHL,0,1,0,2014,11.4,-0.1
Chile,155,CHL,0,1,0,2015,11.8,-0.2
Chile,155,CHL,0,1,0,2016,12.1,-0.2
Chile,155,CHL,0,1,0,2017,12.2,0
Chile,155,CHL,0,1,0,2018,12.3,0
China1,710,CHN,0,1,0,2006,16.2,-0.7
China1,710,CHN,0,1,0,2007,19.6,0.9
China1,710,CHN,0,1,0,2008,17,-0.7
China1,710,CHN,0,1,0,2009,17.7,-3.1
China1,710,CHN,0,1,0,2010,33.5,-1.5
China1,710,CHN,0,1,0,2011,25.5,-1.3
China1,710,CHN,0,1,0,2012,22.8,-2.2
China1,710,CHN,0,1,0,2013,21.3,-2.1
China1,710,CHN,0,1,0,2014,20,-1.8
China1,710,CHN,0,1,0,2015,18.3,-1.1
China1,710,CHN,0,1,0,2016,16.4,-0.6
China1,710,CHN,0,1,0,2017,14.2,0.1
China1,710,CHN,0,1,0,2018,11.6,0.7
Colombia,100,COL,0,1,0,2006,36.8,-1
Colombia,100,COL,0,1,0,2007,32.7,-0.8
Colombia,100,COL,0,1,0,2008,30.9,-0.3
Colombia,100,COL,0,1,0,2009,36.1,-2.8
Colombia,100,COL,0,1,0,2010,36.5,-3.3
Colombia,100,COL,0,1,0,2011,35.8,-2
Colombia,100,COL,0,1,0,2012,32.8,0.2
Colombia,100,COL,0,1,0,2013,32,-1
Colombia,100,COL,0,1,0,2014,31.2,-0.9
Colombia,100,COL,0,1,0,2015,29.9,-0.9
Colombia,100,COL,0,1,0,2016,28.5,-0.7
Colombia,100,COL,0,1,0,2017,27.1,-0.7
Colombia,100,COL,0,1,0,2018,25.9,-0.8
"Congo, Dem. Rep. of the",490,COD,0,0,1,2006,149,-3.6
"Congo, Dem. Rep. of the",490,COD,0,0,1,2007,126.1,-3.8
"Congo, Dem. Rep. of the",490,COD,0,0,1,2008,133.1,-3.8
"Congo, Dem. Rep. of the",490,COD,0,0,1,2009,136.3,-2.6
"Congo, Dem. Rep. of the",490,COD,0,0,1,2010,35.1,4.9
"Congo, Dem. Rep. of the",490,COD,0,0,1,2011,29.9,-1.8
"Congo, Dem. Rep. of the",490,COD,0,0,1,2012,31.5,-2.4
"Congo, Dem. Rep. of the",490,COD,0,0,1,2013,34.4,-3.1
"Congo, Dem. Rep. of the",490,COD,0,0,1,2014,36.5,-4.2
"Congo, Dem. Rep. of the",490,COD,0,0,1,2015,37.1,-3.8
"Congo, Dem. Rep. of the",490,COD,0,0,1,2016,37,-3.6
"Congo, Dem. Rep. of the",490,COD,0,0,1,2017,36.5,-3.2
"Congo, Dem. Rep. of the",490,COD,0,0,1,2018,34.9,-3.3
"Congo, Rep. of",484,COG,0,0,1,2006,98.8,16.6
"Congo, Rep. of",484,COG,0,0,1,2007,98,9.4
"Congo, Rep. of",484,COG,0,0,1,2008,68.1,23.4
"Congo, Rep. of",484,COG,0,0,1,2009,57.2,4.8
"Congo, Rep. of",484,COG,0,0,1,2010,23.9,16.1
"Congo, Rep. of",484,COG,0,0,1,2011,22.5,16.4
"Congo, Rep. of",484,COG,0,0,1,2012,21.1,6.1
"Congo, Rep. of",484,COG,0,0,1,2013,25.4,11
"Congo, Rep. of",484,COG,0,0,1,2014,26.1,5.4
"Congo, Rep. of",484,COG,0,0,1,2015,22.9,1.4
"Congo, Rep. of",484,COG,0,0,1,2016,21.6,1.7
"Congo, Rep. of",484,COG,0,0,1,2017,17.7,1.6
"Congo, Rep. of",484,COG,0,0,1,2018,15.9,0.8
Czech Republic,316,CZE,1,0,0,2006,28.3,-2.4
Czech Republic,316,CZE,1,0,0,2007,27.9,-0.7
Czech Republic,316,CZE,1,0,0,2008,28.7,-2.2
Czech Republic,316,CZE,1,0,0,2009,34.2,-5.8
Czech Republic,316,CZE,1,0,0,2010,37.8,-4.8
Czech Republic,316,CZE,1,0,0,2011,40.8,-3.2
Czech Republic,316,CZE,1,0,0,2012,43.1,-5
Czech Republic,316,CZE,1,0,0,2013,44.8,-2.9
Czech Republic,316,CZE,1,0,0,2014,46.1,-2.8
Czech Republic,316,CZE,1,0,0,2015,46.6,-2.6
Czech Republic,316,CZE,1,0,0,2016,47,-2.6
Czech Republic,316,CZE,1,0,0,2017,47.4,-2.8
Czech Republic,316,CZE,1,0,0,2018,48.1,-2.8
C눅te d'Ivoire,437,CIV,0,0,1,2006,84.2,-1.8
C눅te d'Ivoire,437,CIV,0,0,1,2007,75.6,-0.8
C눅te d'Ivoire,437,CIV,0,0,1,2008,75.3,-0.6
C눅te d'Ivoire,437,CIV,0,0,1,2009,66.5,-1.6
C눅te d'Ivoire,437,CIV,0,0,1,2010,66.4,-2.3
C눅te d'Ivoire,437,CIV,0,0,1,2011,94.9,-5.7
C눅te d'Ivoire,437,CIV,0,0,1,2012,49.1,-3.4
C눅te d'Ivoire,437,CIV,0,0,1,2013,45.4,-2.8
C눅te d'Ivoire,437,CIV,0,0,1,2014,42.8,-2.7
C눅te d'Ivoire,437,CIV,0,0,1,2015,40.9,-3.1
C눅te d'Ivoire,437,CIV,0,0,1,2016,39.2,-2.6
C눅te d'Ivoire,437,CIV,0,0,1,2017,37.8,-2.2
C눅te d'Ivoire,437,CIV,0,0,1,2018,37.8,-2
Denmark,390,DNK,1,0,0,2006,32.1,5
Denmark,390,DNK,1,0,0,2007,27.5,4.8
Denmark,390,DNK,1,0,0,2008,33.4,3.3
Denmark,390,DNK,1,0,0,2009,40.7,-2.8
Denmark,390,DNK,1,0,0,2010,42.7,-2.7
Denmark,390,DNK,1,0,0,2011,46.4,-2
Denmark,390,DNK,1,0,0,2012,50.1,-4.4
Denmark,390,DNK,1,0,0,2013,51.8,-2.8
Denmark,390,DNK,1,0,0,2014,52.4,-2.3
Denmark,390,DNK,1,0,0,2015,52.7,-1.9
Denmark,390,DNK,1,0,0,2016,51.7,-0.8
Denmark,390,DNK,1,0,0,2017,50.7,-0.6
Denmark,390,DNK,1,0,0,2018,49.3,-0.2
Egypt,651,EGY,0,1,0,2006,90.3,-9.2
Egypt,651,EGY,0,1,0,2007,80.2,-7.5
Egypt,651,EGY,0,1,0,2008,70.2,-8
Egypt,651,EGY,0,1,0,2009,73,-6.9
Egypt,651,EGY,0,1,0,2010,73.2,-8.3
Egypt,651,EGY,0,1,0,2011,76.6,-9.8
Egypt,651,EGY,0,1,0,2012,80.2,-10.7
Egypt,651,EGY,0,1,0,2013,85.2,-11.3
Egypt,651,EGY,0,1,0,2014,82.6,-8.7
Egypt,651,EGY,0,1,0,2015,79.3,-7.1
Egypt,651,EGY,0,1,0,2016,75.2,-5.8
Egypt,651,EGY,0,1,0,2017,70.8,-4.6
Egypt,651,EGY,0,1,0,2018,65.5,-3.3
Estonia,366,EST,1,0,0,2006,4.4,3.2
Estonia,366,EST,1,0,0,2007,3.7,2.8
Estonia,366,EST,1,0,0,2008,4.5,-2.3
Estonia,366,EST,1,0,0,2009,7.2,-2.1
Estonia,366,EST,1,0,0,2010,6.7,0.4
Estonia,366,EST,1,0,0,2011,6.1,1.7
Estonia,366,EST,1,0,0,2012,8.5,-0.2
Estonia,366,EST,1,0,0,2013,9.7,0.4
Estonia,366,EST,1,0,0,2014,9.1,0.4
Estonia,366,EST,1,0,0,2015,8.6,0.3
Estonia,366,EST,1,0,0,2016,8.2,0.3
Estonia,366,EST,1,0,0,2017,7.7,0.3
Estonia,366,EST,1,0,0,2018,7.3,0.3
Ethiopia,530,ETH,0,0,1,2006,39,-3.8
Ethiopia,530,ETH,0,0,1,2007,36.8,-3.6
Ethiopia,530,ETH,0,0,1,2008,30.5,-2.9
Ethiopia,530,ETH,0,0,1,2009,25.1,-0.9
Ethiopia,530,ETH,0,0,1,2010,27.6,-1.3
Ethiopia,530,ETH,0,0,1,2011,25.9,-1.6
Ethiopia,530,ETH,0,0,1,2012,21.6,-1.2
Ethiopia,530,ETH,0,0,1,2013,23,-3
Ethiopia,530,ETH,0,0,1,2014,23.8,-2.3
Ethiopia,530,ETH,0,0,1,2015,24,-2.1
Ethiopia,530,ETH,0,0,1,2016,24.2,-2.1
Ethiopia,530,ETH,0,0,1,2017,24.3,-1.9
Ethiopia,530,ETH,0,0,1,2018,24.5,-2
Finland,375,FIN,1,0,0,2006,39.6,4.1
Finland,375,FIN,1,0,0,2007,35.2,5.3
Finland,375,FIN,1,0,0,2008,33.9,4.3
Finland,375,FIN,1,0,0,2009,43.5,-2.7
Finland,375,FIN,1,0,0,2010,48.6,-2.8
Finland,375,FIN,1,0,0,2011,49,-0.9
Finland,375,FIN,1,0,0,2012,53.3,-1.7
Finland,375,FIN,1,0,0,2013,56.9,-2
Finland,375,FIN,1,0,0,2014,58.4,-1.3
Finland,375,FIN,1,0,0,2015,58.7,-0.7
Finland,375,FIN,1,0,0,2016,58.6,-0.4
Finland,375,FIN,1,0,0,2017,58,-0.1
Finland,375,FIN,1,0,0,2018,57.3,0.1
France,220,FRA,1,0,0,2006,64.1,-2.4
France,220,FRA,1,0,0,2007,64.2,-2.8
France,220,FRA,1,0,0,2008,68.2,-3.3
France,220,FRA,1,0,0,2009,79.2,-7.6
France,220,FRA,1,0,0,2010,82.3,-7.1
France,220,FRA,1,0,0,2011,86,-5.2
France,220,FRA,1,0,0,2012,90.3,-4.6
France,220,FRA,1,0,0,2013,92.7,-3.7
France,220,FRA,1,0,0,2014,94,-3.5
France,220,FRA,1,0,0,2015,94.1,-2.6
France,220,FRA,1,0,0,2016,92.8,-1.8
France,220,FRA,1,0,0,2017,90.7,-1.1
France,220,FRA,1,0,0,2018,88.1,-0.6
Georgia,372,GEO,0,0,1,2006,27.1,3.4
Georgia,372,GEO,0,0,1,2007,21.5,0.8
Georgia,372,GEO,0,0,1,2008,27.6,-2
Georgia,372,GEO,0,0,1,2009,37.3,-6.5
Georgia,372,GEO,0,0,1,2010,39.2,-4.8
Georgia,372,GEO,0,0,1,2011,33.8,-0.9
Georgia,372,GEO,0,0,1,2012,32.7,-0.8
Georgia,372,GEO,0,0,1,2013,31.2,-1.8
Georgia,372,GEO,0,0,1,2014,31.1,-1.6
Georgia,372,GEO,0,0,1,2015,30.3,-1.3
Georgia,372,GEO,0,0,1,2016,29.2,-1.1
Georgia,372,GEO,0,0,1,2017,27.9,-1.2
Georgia,372,GEO,0,0,1,2018,26.5,-1.2
Germany,255,DEU,1,0,0,2006,67.9,-1.7
Germany,255,DEU,1,0,0,2007,65.4,0.2
Germany,255,DEU,1,0,0,2008,66.8,-0.1
Germany,255,DEU,1,0,0,2009,74.5,-3.1
Germany,255,DEU,1,0,0,2010,82.5,-4.1
Germany,255,DEU,1,0,0,2011,80.5,-0.8
Germany,255,DEU,1,0,0,2012,82,0.2
Germany,255,DEU,1,0,0,2013,80.4,-0.3
Germany,255,DEU,1,0,0,2014,78.3,-0.1
Germany,255,DEU,1,0,0,2015,75.7,0
Germany,255,DEU,1,0,0,2016,72.7,0
Germany,255,DEU,1,0,0,2017,70.7,0
Germany,255,DEU,1,0,0,2018,68.7,0.1
Ghana,452,GHA,0,0,1,2006,26.2,-4.7
Ghana,452,GHA,0,0,1,2007,31,-5.6
Ghana,452,GHA,0,0,1,2008,33.6,-8.5
Ghana,452,GHA,0,0,1,2009,36.2,-5.8
Ghana,452,GHA,0,0,1,2010,46.3,-7.2
Ghana,452,GHA,0,0,1,2011,43.4,-4.1
Ghana,452,GHA,0,0,1,2012,56.5,-11.5
Ghana,452,GHA,0,0,1,2013,56.6,-10.1
Ghana,452,GHA,0,0,1,2014,56.1,-8.7
Ghana,452,GHA,0,0,1,2015,55,-6.6
Ghana,452,GHA,0,0,1,2016,54.6,-5.8
Ghana,452,GHA,0,0,1,2017,54.8,-6.1
Ghana,452,GHA,0,0,1,2018,55,-6
Greece,350,GRC,1,0,0,2006,107.5,-6
Greece,350,GRC,1,0,0,2007,107.3,-6.8
Greece,350,GRC,1,0,0,2008,112.5,-9.9
Greece,350,GRC,1,0,0,2009,129.3,-15.6
Greece,350,GRC,1,0,0,2010,147.9,-10.7
Greece,350,GRC,1,0,0,2011,170.6,-9.4
Greece,350,GRC,1,0,0,2012,158.5,-6.4
Greece,350,GRC,1,0,0,2013,179.5,-4.6
Greece,350,GRC,1,0,0,2014,175.6,-3.4
Greece,350,GRC,1,0,0,2015,170.8,-2.2
Greece,350,GRC,1,0,0,2016,163.5,-0.6
Greece,350,GRC,1,0,0,2017,153.9,-0.7
Greece,350,GRC,1,0,0,2018,144.3,-0.6
Haiti,41,HTI,0,0,1,2006,39,-1.7
Haiti,41,HTI,0,0,1,2007,34.8,0.2
Haiti,41,HTI,0,0,1,2008,37.8,-2.8
Haiti,41,HTI,0,0,1,2009,28.2,-4.6
Haiti,41,HTI,0,0,1,2010,17.7,2.4
Haiti,41,HTI,0,0,1,2011,12.2,-3.7
Haiti,41,HTI,0,0,1,2012,15.4,-5.9
Haiti,41,HTI,0,0,1,2013,20.4,-5.3
Haiti,41,HTI,0,0,1,2014,24.2,-5.5
Haiti,41,HTI,0,0,1,2015,26.7,-4.6
Haiti,41,HTI,0,0,1,2016,28.6,-3.4
Haiti,41,HTI,0,0,1,2017,29.7,-3.1
Haiti,41,HTI,0,0,1,2018,31.3,-3.8
Honduras,91,HND,0,0,1,2006,40.2,-2.7
Honduras,91,HND,0,0,1,2007,24.6,-1.6
Honduras,91,HND,0,0,1,2008,22.9,-1.7
Honduras,91,HND,0,0,1,2009,24.6,-4.5
Honduras,91,HND,0,0,1,2010,29.7,-2.8
Honduras,91,HND,0,0,1,2011,32.1,-2.8
Honduras,91,HND,0,0,1,2012,34.7,-4.3
Honduras,91,HND,0,0,1,2013,36.2,-4.6
Honduras,91,HND,0,0,1,2014,40.3,-4.8
Honduras,91,HND,0,0,1,2015,43.4,-5
Honduras,91,HND,0,0,1,2016,45.9,-5.2
Honduras,91,HND,0,0,1,2017,48.8,-5.3
Honduras,91,HND,0,0,1,2018,53.2,-5.3
Hong Kong SAR,NA,HKG,1,0,0,2006,32.3,4.3
Hong Kong SAR,NA,HKG,1,0,0,2007,32,8.1
Hong Kong SAR,NA,HKG,1,0,0,2008,29.9,0.1
Hong Kong SAR,NA,HKG,1,0,0,2009,32.4,1.5
Hong Kong SAR,NA,HKG,1,0,0,2010,33.8,4.4
Hong Kong SAR,NA,HKG,1,0,0,2011,33.1,4
Hong Kong SAR,NA,HKG,1,0,0,2012,32.4,0.2
Hong Kong SAR,NA,HKG,1,0,0,2013,30.1,1.7
Hong Kong SAR,NA,HKG,1,0,0,2014,29.2,2.6
Hong Kong SAR,NA,HKG,1,0,0,2015,28.3,1.2
Hong Kong SAR,NA,HKG,1,0,0,2016,27.4,4.2
Hong Kong SAR,NA,HKG,1,0,0,2017,26.6,4.4
Hong Kong SAR,NA,HKG,1,0,0,2018,25.8,4.7
Hungary,310,HUN,0,1,0,2006,65.9,-9.4
Hungary,310,HUN,0,1,0,2007,67,-5.1
Hungary,310,HUN,0,1,0,2008,73,-3.7
Hungary,310,HUN,0,1,0,2009,79.8,-4.5
Hungary,310,HUN,0,1,0,2010,81.8,-4.5
Hungary,310,HUN,0,1,0,2011,81.4,4.3
Hungary,310,HUN,0,1,0,2012,79,-2.5
Hungary,310,HUN,0,1,0,2013,79.9,-3.2
Hungary,310,HUN,0,1,0,2014,80.3,-3.4
Hungary,310,HUN,0,1,0,2015,80.3,-3.3
Hungary,310,HUN,0,1,0,2016,80.2,-3.2
Hungary,310,HUN,0,1,0,2017,79.8,-3.1
Hungary,310,HUN,0,1,0,2018,79.2,-3
Iceland,395,ISL,1,0,0,2006,30.1,6.3
Iceland,395,ISL,1,0,0,2007,29.1,5.4
Iceland,395,ISL,1,0,0,2008,70.4,-0.5
Iceland,395,ISL,1,0,0,2009,88,-8.6
Iceland,395,ISL,1,0,0,2010,90.6,-6.4
Iceland,395,ISL,1,0,0,2011,102.3,-5
Iceland,395,ISL,1,0,0,2012,99.1,-3
Iceland,395,ISL,1,0,0,2013,91.9,-1.3
Iceland,395,ISL,1,0,0,2014,86.3,-0.6
Iceland,395,ISL,1,0,0,2015,84,0.6
Iceland,395,ISL,1,0,0,2016,79.9,0.6
Iceland,395,ISL,1,0,0,2017,76.2,1
Iceland,395,ISL,1,0,0,2018,71.8,1.7
India,750,IND,0,1,0,2006,78.4,-6.4
India,750,IND,0,1,0,2007,75,-4.8
India,750,IND,0,1,0,2008,73.3,-8.6
India,750,IND,0,1,0,2009,75,-10.1
India,750,IND,0,1,0,2010,68.5,-8.7
India,750,IND,0,1,0,2011,66.4,-8.4
India,750,IND,0,1,0,2012,66.8,-8.3
India,750,IND,0,1,0,2013,66.4,-8.3
India,750,IND,0,1,0,2014,66.7,-8.4
India,750,IND,0,1,0,2015,66.6,-8.3
India,750,IND,0,1,0,2016,66.2,-8.2
India,750,IND,0,1,0,2017,66.2,-8.1
India,750,IND,0,1,0,2018,66.3,-8.2
Indonesia,850,IDN,0,1,0,2006,39,0.2
Indonesia,850,IDN,0,1,0,2007,35.1,-1
Indonesia,850,IDN,0,1,0,2008,33.2,0
Indonesia,850,IDN,0,1,0,2009,28.6,-1.8
Indonesia,850,IDN,0,1,0,2010,26.8,-1.2
Indonesia,850,IDN,0,1,0,2011,24.4,-0.6
Indonesia,850,IDN,0,1,0,2012,24,-1.3
Indonesia,850,IDN,0,1,0,2013,23.6,-2.8
Indonesia,850,IDN,0,1,0,2014,23.1,-2.2
Indonesia,850,IDN,0,1,0,2015,21.9,-1.8
Indonesia,850,IDN,0,1,0,2016,20.9,-1.4
Indonesia,850,IDN,0,1,0,2017,19.3,-1.1
Indonesia,850,IDN,0,1,0,2018,18.2,-1
Ireland,205,IRL,1,0,0,2006,24.6,2.9
Ireland,205,IRL,1,0,0,2007,25,0.1
Ireland,205,IRL,1,0,0,2008,44.5,-7.4
Ireland,205,IRL,1,0,0,2009,64.9,-13.9
Ireland,205,IRL,1,0,0,2010,92.2,-30.9
Ireland,205,IRL,1,0,0,2011,106.5,-13.4
Ireland,205,IRL,1,0,0,2012,117.1,-7.7
Ireland,205,IRL,1,0,0,2013,122,-7.5
Ireland,205,IRL,1,0,0,2014,120.2,-4.5
Ireland,205,IRL,1,0,0,2015,116.4,-2.4
Ireland,205,IRL,1,0,0,2016,113.3,-1.7
Ireland,205,IRL,1,0,0,2017,109.6,-1.1
Ireland,205,IRL,1,0,0,2018,105.8,-0.7
Israel,666,ISR,1,0,0,2006,84.9,-2.4
Israel,666,ISR,1,0,0,2007,78.5,-1.3
Israel,666,ISR,1,0,0,2008,77.1,-3.4
Israel,666,ISR,1,0,0,2009,79.5,-6
Israel,666,ISR,1,0,0,2010,76,-4.6
Israel,666,ISR,1,0,0,2011,74,-4.7
Israel,666,ISR,1,0,0,2012,74.6,-4.7
Israel,666,ISR,1,0,0,2013,74.4,-3.6
Israel,666,ISR,1,0,0,2014,73.2,-3.1
Israel,666,ISR,1,0,0,2015,72,-2.7
Israel,666,ISR,1,0,0,2016,70.7,-2.5
Israel,666,ISR,1,0,0,2017,69.7,-2.6
Israel,666,ISR,1,0,0,2018,68.6,-2.6
Italy,325,ITA,1,0,0,2006,106.3,-3.4
Italy,325,ITA,1,0,0,2007,103.3,-1.6
Italy,325,ITA,1,0,0,2008,106.1,-2.7
Italy,325,ITA,1,0,0,2009,116.4,-5.4
Italy,325,ITA,1,0,0,2010,119.3,-4.3
Italy,325,ITA,1,0,0,2011,120.8,-3.7
Italy,325,ITA,1,0,0,2012,127,-3
Italy,325,ITA,1,0,0,2013,130.6,-2.6
Italy,325,ITA,1,0,0,2014,130.8,-2.3
Italy,325,ITA,1,0,0,2015,129.7,-2.1
Italy,325,ITA,1,0,0,2016,127.9,-1.8
Italy,325,ITA,1,0,0,2017,125.6,-1.4
Italy,325,ITA,1,0,0,2018,123.4,-1.1
Japan,740,JPN,1,0,0,2006,186,-3.7
Japan,740,JPN,1,0,0,2007,183,-2.1
Japan,740,JPN,1,0,0,2008,191.8,-4.1
Japan,740,JPN,1,0,0,2009,210.2,-10.4
Japan,740,JPN,1,0,0,2010,216,-9.3
Japan,740,JPN,1,0,0,2011,230.3,-9.9
Japan,740,JPN,1,0,0,2012,237.9,-10.2
Japan,740,JPN,1,0,0,2013,245.4,-9.8
Japan,740,JPN,1,0,0,2014,244.6,-7
Japan,740,JPN,1,0,0,2015,244.6,-5.8
Japan,740,JPN,1,0,0,2016,243.9,-5
Japan,740,JPN,1,0,0,2017,243.2,-5.1
Japan,740,JPN,1,0,0,2018,242.8,-5.4
Jordan,663,JOR,0,1,0,2006,76.3,-4
Jordan,663,JOR,0,1,0,2007,73.8,-4.7
Jordan,663,JOR,0,1,0,2008,60.2,-4.3
Jordan,663,JOR,0,1,0,2009,64.8,-8.5
Jordan,663,JOR,0,1,0,2010,67.1,-5.6
Jordan,663,JOR,0,1,0,2011,70.7,-6.8
Jordan,663,JOR,0,1,0,2012,79.6,-8.2
Jordan,663,JOR,0,1,0,2013,83.8,-4.8
Jordan,663,JOR,0,1,0,2014,87,-5.3
Jordan,663,JOR,0,1,0,2015,87.2,-3.8
Jordan,663,JOR,0,1,0,2016,85.8,-3.3
Jordan,663,JOR,0,1,0,2017,83.3,-2.7
Jordan,663,JOR,0,1,0,2018,81,-2.3
Kazakhstan,705,KAZ,0,1,0,2006,6.7,7.7
Kazakhstan,705,KAZ,0,1,0,2007,5.9,5.2
Kazakhstan,705,KAZ,0,1,0,2008,6.7,1.2
Kazakhstan,705,KAZ,0,1,0,2009,10.2,-1.3
Kazakhstan,705,KAZ,0,1,0,2010,10.7,1.5
Kazakhstan,705,KAZ,0,1,0,2011,10.7,5.9
Kazakhstan,705,KAZ,0,1,0,2012,12.3,4.7
Kazakhstan,705,KAZ,0,1,0,2013,13.2,4.9
Kazakhstan,705,KAZ,0,1,0,2014,14.1,4.5
Kazakhstan,705,KAZ,0,1,0,2015,14.3,4.2
Kazakhstan,705,KAZ,0,1,0,2016,14.4,3.9
Kazakhstan,705,KAZ,0,1,0,2017,14.4,3.8
Kazakhstan,705,KAZ,0,1,0,2018,14.6,3.6
Kenya,501,KEN,0,1,0,2006,46.8,-2.5
Kenya,501,KEN,0,1,0,2007,46,-3.2
Kenya,501,KEN,0,1,0,2008,45.6,-4.4
Kenya,501,KEN,0,1,0,2009,47.5,-5.4
Kenya,501,KEN,0,1,0,2010,49.9,-5.5
Kenya,501,KEN,0,1,0,2011,48.5,-5.1
Kenya,501,KEN,0,1,0,2012,48.2,-5.3
Kenya,501,KEN,0,1,0,2013,47.9,-4.6
Kenya,501,KEN,0,1,0,2014,47.3,-4
Kenya,501,KEN,0,1,0,2015,47.1,-3.7
Kenya,501,KEN,0,1,0,2016,46.5,-3.6
Kenya,501,KEN,0,1,0,2017,46.3,-3.5
Kenya,501,KEN,0,1,0,2018,45.9,-3.4
Korea,732,KOR,1,0,0,2006,31.1,1.1
Korea,732,KOR,1,0,0,2007,30.7,2.3
Korea,732,KOR,1,0,0,2008,30.1,1.6
Korea,732,KOR,1,0,0,2009,33.8,0
Korea,732,KOR,1,0,0,2010,33.4,1.7
Korea,732,KOR,1,0,0,2011,34.2,1.8
Korea,732,KOR,1,0,0,2012,33.7,1.9
Korea,732,KOR,1,0,0,2013,32.5,2.4
Korea,732,KOR,1,0,0,2014,30.6,2.6
Korea,732,KOR,1,0,0,2015,28.6,2.7
Korea,732,KOR,1,0,0,2016,26.8,2.7
Korea,732,KOR,1,0,0,2017,24.8,2.7
Korea,732,KOR,1,0,0,2018,22.9,2.7
Lao P.D.R.,812,LAO,0,0,1,2006,71.9,-3.2
Lao P.D.R.,812,LAO,0,0,1,2007,64.2,-2.4
Lao P.D.R.,812,LAO,0,0,1,2008,59.5,-2.6
Lao P.D.R.,812,LAO,0,0,1,2009,61.9,-6.9
Lao P.D.R.,812,LAO,0,0,1,2010,61,-4.6
Lao P.D.R.,812,LAO,0,0,1,2011,54.4,-3
Lao P.D.R.,812,LAO,0,0,1,2012,53.1,-2.5
Lao P.D.R.,812,LAO,0,0,1,2013,51.5,-2.6
Lao P.D.R.,812,LAO,0,0,1,2014,50.3,-2.6
Lao P.D.R.,812,LAO,0,0,1,2015,49.4,-2.6
Lao P.D.R.,812,LAO,0,0,1,2016,48.3,-2.5
Lao P.D.R.,812,LAO,0,0,1,2017,47,-2.5
Lao P.D.R.,812,LAO,0,0,1,2018,45.3,-2.2
Latvia,367,LVA,0,1,0,2006,9.9,-0.6
Latvia,367,LVA,0,1,0,2007,7.8,0.6
Latvia,367,LVA,0,1,0,2008,17.2,-7.5
Latvia,367,LVA,0,1,0,2009,32.9,-7.8
Latvia,367,LVA,0,1,0,2010,39.7,-7.3
Latvia,367,LVA,0,1,0,2011,37.5,-3.2
Latvia,367,LVA,0,1,0,2012,36.4,0.1
Latvia,367,LVA,0,1,0,2013,41,-1.3
Latvia,367,LVA,0,1,0,2014,36.7,-0.8
Latvia,367,LVA,0,1,0,2015,33.1,-1.3
Latvia,367,LVA,0,1,0,2016,33.1,-1.1
Latvia,367,LVA,0,1,0,2017,32.1,-0.9
Latvia,367,LVA,0,1,0,2018,29.8,-1.1
Lithuania,368,LTU,0,1,0,2006,17.9,-0.4
Lithuania,368,LTU,0,1,0,2007,16.8,-1
Lithuania,368,LTU,0,1,0,2008,15.5,-3.3
Lithuania,368,LTU,0,1,0,2009,29.3,-9.2
Lithuania,368,LTU,0,1,0,2010,37.9,-7.1
Lithuania,368,LTU,0,1,0,2011,38.5,-5.5
Lithuania,368,LTU,0,1,0,2012,39.6,-3
Lithuania,368,LTU,0,1,0,2013,40,-2.6
Lithuania,368,LTU,0,1,0,2014,39.8,-2.3
Lithuania,368,LTU,0,1,0,2015,39.7,-2.3
Lithuania,368,LTU,0,1,0,2016,39.3,-2.1
Lithuania,368,LTU,0,1,0,2017,38.9,-2.1
Lithuania,368,LTU,0,1,0,2018,38.4,-1.9
Madagascar,580,MDG,0,0,1,2006,37,-0.5
Madagascar,580,MDG,0,0,1,2007,33.5,-2.7
Madagascar,580,MDG,0,0,1,2008,31.9,-1.1
Madagascar,580,MDG,0,0,1,2009,36,-3.1
Madagascar,580,MDG,0,0,1,2010,36.1,-1.5
Madagascar,580,MDG,0,0,1,2011,37.4,-4.8
Madagascar,580,MDG,0,0,1,2012,38.3,-3.1
Madagascar,580,MDG,0,0,1,2013,37.5,-2.9
Madagascar,580,MDG,0,0,1,2014,39.3,-3
Madagascar,580,MDG,0,0,1,2015,37.8,-3.5
Madagascar,580,MDG,0,0,1,2016,36.7,-3.5
Madagascar,580,MDG,0,0,1,2017,34.2,-3.9
Madagascar,580,MDG,0,0,1,2018,32,-3.7
Malaysia,820,MYS,0,1,0,2006,41.5,-2.7
Malaysia,820,MYS,0,1,0,2007,41.2,-2.7
Malaysia,820,MYS,0,1,0,2008,41.2,-3.6
Malaysia,820,MYS,0,1,0,2009,52.8,-6.2
Malaysia,820,MYS,0,1,0,2010,53.7,-4.5
Malaysia,820,MYS,0,1,0,2011,54.5,-3.8
Malaysia,820,MYS,0,1,0,2012,55.5,-4.3
Malaysia,820,MYS,0,1,0,2013,56,-4
Malaysia,820,MYS,0,1,0,2014,55.7,-3.7
Malaysia,820,MYS,0,1,0,2015,55.1,-3.5
Malaysia,820,MYS,0,1,0,2016,54.5,-3.4
Malaysia,820,MYS,0,1,0,2017,54.3,-3.6
Malaysia,820,MYS,0,1,0,2018,54.5,-4
Mali,432,MLI,0,0,1,2006,20.4,31.3
Mali,432,MLI,0,0,1,2007,21.1,-3.2
Mali,432,MLI,0,0,1,2008,22.6,-2.2
Mali,432,MLI,0,0,1,2009,24.7,-4.2
Mali,432,MLI,0,0,1,2010,28.7,-2.7
Mali,432,MLI,0,0,1,2011,32.9,-3.7
Mali,432,MLI,0,0,1,2012,32,-1.1
Mali,432,MLI,0,0,1,2013,31.2,-2.5
Mali,432,MLI,0,0,1,2014,31.3,-3.6
Mali,432,MLI,0,0,1,2015,31.4,-3.2
Mali,432,MLI,0,0,1,2016,31.7,-3
Mali,432,MLI,0,0,1,2017,31.9,-3.2
Mali,432,MLI,0,0,1,2018,32.1,-3.1
Mexico,70,MEX,0,1,0,2006,38.4,-1
Mexico,70,MEX,0,1,0,2007,37.8,-1.2
Mexico,70,MEX,0,1,0,2008,43.1,-1.1
Mexico,70,MEX,0,1,0,2009,44.5,-4.7
Mexico,70,MEX,0,1,0,2010,42.9,-4.4
Mexico,70,MEX,0,1,0,2011,43.7,-3.4
Mexico,70,MEX,0,1,0,2012,43.5,-3.7
Mexico,70,MEX,0,1,0,2013,43.5,-3.1
Mexico,70,MEX,0,1,0,2014,43.9,-3
Mexico,70,MEX,0,1,0,2015,44.1,-2.8
Mexico,70,MEX,0,1,0,2016,44.3,-2.8
Mexico,70,MEX,0,1,0,2017,44.3,-2.7
Mexico,70,MEX,0,1,0,2018,44.3,-2.7
Moldova,359,MDA,0,0,1,2006,30.4,0
Moldova,359,MDA,0,0,1,2007,25.2,-0.2
Moldova,359,MDA,0,0,1,2008,18.8,-1
Moldova,359,MDA,0,0,1,2009,26.7,-6.3
Moldova,359,MDA,0,0,1,2010,26.5,-2.5
Moldova,359,MDA,0,0,1,2011,23.1,-2.4
Moldova,359,MDA,0,0,1,2012,23.8,-2.1
Moldova,359,MDA,0,0,1,2013,22.5,-2.1
Moldova,359,MDA,0,0,1,2014,20.8,-1.3
Moldova,359,MDA,0,0,1,2015,19.3,-1.1
Moldova,359,MDA,0,0,1,2016,17.8,-1
Moldova,359,MDA,0,0,1,2017,17.4,-0.9
Moldova,359,MDA,0,0,1,2018,17,-0.9
Morocco,600,MAR,0,1,0,2006,59.4,-2
Morocco,600,MAR,0,1,0,2007,54.6,-0.1
Morocco,600,MAR,0,1,0,2008,48.2,0.7
Morocco,600,MAR,0,1,0,2009,48,-1.8
Morocco,600,MAR,0,1,0,2010,51.3,-4.4
Morocco,600,MAR,0,1,0,2011,54.4,-6.8
Morocco,600,MAR,0,1,0,2012,59.6,-7.5
Morocco,600,MAR,0,1,0,2013,61.2,-5.5
Morocco,600,MAR,0,1,0,2014,61.1,-4.2
Morocco,600,MAR,0,1,0,2015,60.3,-3.5
Morocco,600,MAR,0,1,0,2016,58.8,-3
Morocco,600,MAR,0,1,0,2017,56.9,-2.7
Morocco,600,MAR,0,1,0,2018,54.9,-2.4
Mozambique,541,MOZ,0,0,1,2006,53.6,-4.1
Mozambique,541,MOZ,0,0,1,2007,41.9,-2.9
Mozambique,541,MOZ,0,0,1,2008,42.1,-2.5
Mozambique,541,MOZ,0,0,1,2009,51.9,-5.5
Mozambique,541,MOZ,0,0,1,2010,49.3,-3.9
Mozambique,541,MOZ,0,0,1,2011,45.1,-4.3
Mozambique,541,MOZ,0,0,1,2012,46.6,-3
Mozambique,541,MOZ,0,0,1,2013,47,-4.7
Mozambique,541,MOZ,0,0,1,2014,47.6,-6.6
Mozambique,541,MOZ,0,0,1,2015,47.1,-6.1
Mozambique,541,MOZ,0,0,1,2016,47.1,-5.7
Mozambique,541,MOZ,0,0,1,2017,46.8,-5.2
Mozambique,541,MOZ,0,0,1,2018,46.4,-5.1
Myanmar,775,MMR,0,0,1,2006,100.4,-4.2
Myanmar,775,MMR,0,0,1,2007,70.1,-3.8
Myanmar,775,MMR,0,0,1,2008,57,-2.4
Myanmar,775,MMR,0,0,1,2009,57.5,-5.2
Myanmar,775,MMR,0,0,1,2010,52.4,-5.5
Myanmar,775,MMR,0,0,1,2011,52.9,-6
Myanmar,775,MMR,0,0,1,2012,47.5,-5.3
Myanmar,775,MMR,0,0,1,2013,45.4,-5.2
Myanmar,775,MMR,0,0,1,2014,46.6,-5
Myanmar,775,MMR,0,0,1,2015,47.4,-4.8
Myanmar,775,MMR,0,0,1,2016,47.9,-4.6
Myanmar,775,MMR,0,0,1,2017,48.1,-4.4
Myanmar,775,MMR,0,0,1,2018,47.8,-4.2
Nepal,790,NPL,0,0,1,2006,49.5,0.3
Nepal,790,NPL,0,0,1,2007,42.8,-0.8
Nepal,790,NPL,0,0,1,2008,41.2,-0.4
Nepal,790,NPL,0,0,1,2009,39.3,-2.6
Nepal,790,NPL,0,0,1,2010,35.4,-0.8
Nepal,790,NPL,0,0,1,2011,33.3,-1
Nepal,790,NPL,0,0,1,2012,33.1,-0.6
Nepal,790,NPL,0,0,1,2013,26.8,3.7
Nepal,790,NPL,0,0,1,2014,26.4,-0.6
Nepal,790,NPL,0,0,1,2015,26.9,-1.1
Nepal,790,NPL,0,0,1,2016,27.6,-1.2
Nepal,790,NPL,0,0,1,2017,28.2,-1.3
Nepal,790,NPL,0,0,1,2018,29,-1.7
Netherlands,210,NLD,1,0,0,2006,47.4,0.5
Netherlands,210,NLD,1,0,0,2007,45.3,0.2
Netherlands,210,NLD,1,0,0,2008,58.5,0.5
Netherlands,210,NLD,1,0,0,2009,60.8,-5.6
Netherlands,210,NLD,1,0,0,2010,63.1,-5.1
Netherlands,210,NLD,1,0,0,2011,65.5,-4.5
Netherlands,210,NLD,1,0,0,2012,71.7,-4.1
Netherlands,210,NLD,1,0,0,2013,74.5,-3.4
Netherlands,210,NLD,1,0,0,2014,75.9,-3.7
Netherlands,210,NLD,1,0,0,2015,75.1,-3.3
Netherlands,210,NLD,1,0,0,2016,75.7,-3.1
Netherlands,210,NLD,1,0,0,2017,75.5,-2.4
Netherlands,210,NLD,1,0,0,2018,74.8,-1.8
New Zealand,920,NZL,1,0,0,2006,19.3,4.1
New Zealand,920,NZL,1,0,0,2007,17.2,3.2
New Zealand,920,NZL,1,0,0,2008,20.1,1.5
New Zealand,920,NZL,1,0,0,2009,25.9,-1.5
New Zealand,920,NZL,1,0,0,2010,32,-5.1
New Zealand,920,NZL,1,0,0,2011,37.2,-4.9
New Zealand,920,NZL,1,0,0,2012,38.2,-2.6
New Zealand,920,NZL,1,0,0,2013,38.3,-1.9
New Zealand,920,NZL,1,0,0,2014,37.9,-0.5
New Zealand,920,NZL,1,0,0,2015,36.7,0.3
New Zealand,920,NZL,1,0,0,2016,37.1,0.6
New Zealand,920,NZL,1,0,0,2017,36.4,0.7
New Zealand,920,NZL,1,0,0,2018,34.3,0.7
Nicaragua,93,NIC,0,0,1,2006,87,0.5
Nicaragua,93,NIC,0,0,1,2007,62.4,0.9
Nicaragua,93,NIC,0,0,1,2008,57.7,-0.6
Nicaragua,93,NIC,0,0,1,2009,61.3,-1.4
Nicaragua,93,NIC,0,0,1,2010,62.8,-0.4
Nicaragua,93,NIC,0,0,1,2011,56.1,0.4
Nicaragua,93,NIC,0,0,1,2012,52.1,-0.5
Nicaragua,93,NIC,0,0,1,2013,50.2,-0.3
Nicaragua,93,NIC,0,0,1,2014,40.6,-1.2
Nicaragua,93,NIC,0,0,1,2015,39.9,-0.9
Nicaragua,93,NIC,0,0,1,2016,39.2,-0.9
Nicaragua,93,NIC,0,0,1,2017,38.4,-0.8
Nicaragua,93,NIC,0,0,1,2018,37.1,-0.7
Nigeria,475,NGA,0,1,0,2006,11.8,8.9
Nigeria,475,NGA,0,1,0,2007,12.8,1.6
Nigeria,475,NGA,0,1,0,2008,11.6,6.3
Nigeria,475,NGA,0,1,0,2009,15.2,-9.4
Nigeria,475,NGA,0,1,0,2010,15.5,-6.7
Nigeria,475,NGA,0,1,0,2011,17.2,0.7
Nigeria,475,NGA,0,1,0,2012,17.8,0.9
Nigeria,475,NGA,0,1,0,2013,17.9,0.4
Nigeria,475,NGA,0,1,0,2014,18.1,-0.6
Nigeria,475,NGA,0,1,0,2015,17.8,-0.7
Nigeria,475,NGA,0,1,0,2016,17.3,-1.1
Nigeria,475,NGA,0,1,0,2017,16.7,-1
Nigeria,475,NGA,0,1,0,2018,15,-1.6
Norway,385,NOR,1,0,0,2006,58.7,18.3
Norway,385,NOR,1,0,0,2007,56.6,17.3
Norway,385,NOR,1,0,0,2008,55.2,18.8
Norway,385,NOR,1,0,0,2009,49,10.5
Norway,385,NOR,1,0,0,2010,49.2,11.1
Norway,385,NOR,1,0,0,2011,34.1,13.4
Norway,385,NOR,1,0,0,2012,34.1,13.8
Norway,385,NOR,1,0,0,2013,34.1,12.3
Norway,385,NOR,1,0,0,2014,34.1,11.1
Norway,385,NOR,1,0,0,2015,34.1,10
Norway,385,NOR,1,0,0,2016,34.1,9
Norway,385,NOR,1,0,0,2017,34.1,8.2
Norway,385,NOR,1,0,0,2018,34.1,7.5
Pakistan,770,PAK,0,1,0,2006,58.6,-3.7
Pakistan,770,PAK,0,1,0,2007,56,-5.5
Pakistan,770,PAK,0,1,0,2008,60.2,-7.3
Pakistan,770,PAK,0,1,0,2009,61.3,-5.2
Pakistan,770,PAK,0,1,0,2010,61.7,-5.9
Pakistan,770,PAK,0,1,0,2011,60.3,-7
Pakistan,770,PAK,0,1,0,2012,62.1,-8.2
Pakistan,770,PAK,0,1,0,2013,64.1,-7
Pakistan,770,PAK,0,1,0,2014,64.8,-7.1
Pakistan,770,PAK,0,1,0,2015,66.5,-7.9
Pakistan,770,PAK,0,1,0,2016,68.7,-8.3
Pakistan,770,PAK,0,1,0,2017,70.8,-8.5
Pakistan,770,PAK,0,1,0,2018,72.4,-8.7
Peru,135,PER,0,1,0,2006,33.1,1.9
Peru,135,PER,0,1,0,2007,30.4,3.2
Peru,135,PER,0,1,0,2008,25,2.2
Peru,135,PER,0,1,0,2009,28.4,-2.1
Peru,135,PER,0,1,0,2010,24.6,-0.3
Peru,135,PER,0,1,0,2011,22,1.8
Peru,135,PER,0,1,0,2012,19.8,2
Peru,135,PER,0,1,0,2013,17.5,1.8
Peru,135,PER,0,1,0,2014,16.7,1.6
Peru,135,PER,0,1,0,2015,16.2,1.6
Peru,135,PER,0,1,0,2016,15.8,1.8
Peru,135,PER,0,1,0,2017,15.3,2.1
Peru,135,PER,0,1,0,2018,14.9,2
Philippines,840,PHL,0,1,0,2006,51.6,0
Philippines,840,PHL,0,1,0,2007,44.6,-0.3
Philippines,840,PHL,0,1,0,2008,44.2,0
Philippines,840,PHL,0,1,0,2009,44.3,-2.6
Philippines,840,PHL,0,1,0,2010,43.5,-2.5
Philippines,840,PHL,0,1,0,2011,41.9,-0.6
Philippines,840,PHL,0,1,0,2012,41.9,-0.9
Philippines,840,PHL,0,1,0,2013,39.7,-0.8
Philippines,840,PHL,0,1,0,2014,38,-0.9
Philippines,840,PHL,0,1,0,2015,36.4,-0.9
Philippines,840,PHL,0,1,0,2016,34.9,-0.9
Philippines,840,PHL,0,1,0,2017,33.5,-1
Philippines,840,PHL,0,1,0,2018,32.1,-1
Poland,290,POL,0,1,0,2006,47.7,-3.6
Poland,290,POL,0,1,0,2007,45,-1.9
Poland,290,POL,0,1,0,2008,47.1,-3.7
Poland,290,POL,0,1,0,2009,50.9,-7.4
Poland,290,POL,0,1,0,2010,54.8,-7.9
Poland,290,POL,0,1,0,2011,56.4,-5
Poland,290,POL,0,1,0,2012,55.2,-3.5
Poland,290,POL,0,1,0,2013,56.8,-3.4
Poland,290,POL,0,1,0,2014,56.2,-2.9
Poland,290,POL,0,1,0,2015,55.4,-2.2
Poland,290,POL,0,1,0,2016,54.3,-2
Poland,290,POL,0,1,0,2017,53.2,-2
Poland,290,POL,0,1,0,2018,52.1,-1.9
Portugal,235,PRT,1,0,0,2006,63.7,-3.8
Portugal,235,PRT,1,0,0,2007,68.3,-3.2
Portugal,235,PRT,1,0,0,2008,71.6,-3.7
Portugal,235,PRT,1,0,0,2009,83.1,-10.2
Portugal,235,PRT,1,0,0,2010,93.2,-9.8
Portugal,235,PRT,1,0,0,2011,108,-4.4
Portugal,235,PRT,1,0,0,2012,123,-4.9
Portugal,235,PRT,1,0,0,2013,122.3,-5.5
Portugal,235,PRT,1,0,0,2014,123.7,-4
Portugal,235,PRT,1,0,0,2015,122.5,-2.5
Portugal,235,PRT,1,0,0,2016,119.9,-1.9
Portugal,235,PRT,1,0,0,2017,117.2,-1.6
Portugal,235,PRT,1,0,0,2018,114.2,-1.2
Romania,360,ROU,0,1,0,2006,12.6,-1.4
Romania,360,ROU,0,1,0,2007,12.7,-3.1
Romania,360,ROU,0,1,0,2008,13.6,-4.8
Romania,360,ROU,0,1,0,2009,23.8,-7.3
Romania,360,ROU,0,1,0,2010,31.1,-6.4
Romania,360,ROU,0,1,0,2011,34.2,-4.3
Romania,360,ROU,0,1,0,2012,37,-2.5
Romania,360,ROU,0,1,0,2013,36.9,-2.1
Romania,360,ROU,0,1,0,2014,36.6,-1.7
Romania,360,ROU,0,1,0,2015,35.9,-1.7
Romania,360,ROU,0,1,0,2016,35.2,-1.8
Romania,360,ROU,0,1,0,2017,34.5,-1.8
Romania,360,ROU,0,1,0,2018,33.8,-1.8
Russian Federation,365,RUS,0,1,0,2006,9,8.3
Russian Federation,365,RUS,0,1,0,2007,8.5,6.8
Russian Federation,365,RUS,0,1,0,2008,7.9,4.9
Russian Federation,365,RUS,0,1,0,2009,11,-6.3
Russian Federation,365,RUS,0,1,0,2010,11,-3.4
Russian Federation,365,RUS,0,1,0,2011,11.7,1.5
Russian Federation,365,RUS,0,1,0,2012,10.9,0.4
Russian Federation,365,RUS,0,1,0,2013,10.4,-0.3
Russian Federation,365,RUS,0,1,0,2014,11.8,-1
Russian Federation,365,RUS,0,1,0,2015,12.1,-1.4
Russian Federation,365,RUS,0,1,0,2016,12.7,-1.7
Russian Federation,365,RUS,0,1,0,2017,13,-1.8
Russian Federation,365,RUS,0,1,0,2018,13.1,-1.7
Saudi Arabia,670,SAU,0,1,0,2006,25.8,24.4
Saudi Arabia,670,SAU,0,1,0,2007,17.1,15
Saudi Arabia,670,SAU,0,1,0,2008,12.1,31.6
Saudi Arabia,670,SAU,0,1,0,2009,14,-4.1
Saudi Arabia,670,SAU,0,1,0,2010,8.5,3
Saudi Arabia,670,SAU,0,1,0,2011,5.4,12.4
Saudi Arabia,670,SAU,0,1,0,2012,3.6,15.2
Saudi Arabia,670,SAU,0,1,0,2013,3.5,9.6
Saudi Arabia,670,SAU,0,1,0,2014,3.5,6.4
Saudi Arabia,670,SAU,0,1,0,2015,3.3,3.5
Saudi Arabia,670,SAU,0,1,0,2016,3.2,2.6
Saudi Arabia,670,SAU,0,1,0,2017,3.1,1.4
Saudi Arabia,670,SAU,0,1,0,2018,2.9,-0.5
Senegal,433,SEN,0,0,1,2006,21.8,-5.4
Senegal,433,SEN,0,0,1,2007,23.5,-3.8
Senegal,433,SEN,0,0,1,2008,23.9,-4.7
Senegal,433,SEN,0,0,1,2009,34.2,-4.9
Senegal,433,SEN,0,0,1,2010,35.7,-5.2
Senegal,433,SEN,0,0,1,2011,40,-6.3
Senegal,433,SEN,0,0,1,2012,45,-5.7
Senegal,433,SEN,0,0,1,2013,47.2,-4.9
Senegal,433,SEN,0,0,1,2014,48.6,-4.3
Senegal,433,SEN,0,0,1,2015,49.3,-3.9
Senegal,433,SEN,0,0,1,2016,49.7,-3.7
Senegal,433,SEN,0,0,1,2017,49.8,-3.6
Senegal,433,SEN,0,0,1,2018,49.4,-3.3
Singapore,830,SGP,1,0,0,2006,86.4,7.1
Singapore,830,SGP,1,0,0,2007,85.6,12
Singapore,830,SGP,1,0,0,2008,96.3,6.5
Singapore,830,SGP,1,0,0,2009,101.5,-0.7
Singapore,830,SGP,1,0,0,2010,99.3,7.2
Singapore,830,SGP,1,0,0,2011,105.2,7.4
Singapore,830,SGP,1,0,0,2012,111,5.6
Singapore,830,SGP,1,0,0,2013,108.2,5
Singapore,830,SGP,1,0,0,2014,104.3,4.9
Singapore,830,SGP,1,0,0,2015,101,4.7
Singapore,830,SGP,1,0,0,2016,98,4.6
Singapore,830,SGP,1,0,0,2017,95.2,4.7
Singapore,830,SGP,1,0,0,2018,92.5,4.7
Slovak Republic,317,SVK,1,0,0,2006,30.5,-2.6
Slovak Republic,317,SVK,1,0,0,2007,29.4,-1.6
Slovak Republic,317,SVK,1,0,0,2008,27.9,-2
Slovak Republic,317,SVK,1,0,0,2009,35.6,-8
Slovak Republic,317,SVK,1,0,0,2010,41,-7.7
Slovak Republic,317,SVK,1,0,0,2011,43.3,-4.9
Slovak Republic,317,SVK,1,0,0,2012,52.3,-4.9
Slovak Republic,317,SVK,1,0,0,2013,55.3,-3.2
Slovak Republic,317,SVK,1,0,0,2014,56.4,-3
Slovak Republic,317,SVK,1,0,0,2015,56.6,-2.9
Slovak Republic,317,SVK,1,0,0,2016,56.7,-2.9
Slovak Republic,317,SVK,1,0,0,2017,56.6,-2.9
Slovak Republic,317,SVK,1,0,0,2018,56.6,-2.9
Slovenia,349,SVN,1,0,0,2006,26.4,-0.8
Slovenia,349,SVN,1,0,0,2007,23.1,0.3
Slovenia,349,SVN,1,0,0,2008,22,-0.3
Slovenia,349,SVN,1,0,0,2009,35,-5.5
Slovenia,349,SVN,1,0,0,2010,38.6,-5.3
Slovenia,349,SVN,1,0,0,2011,46.9,-5.6
Slovenia,349,SVN,1,0,0,2012,52.6,-3.2
Slovenia,349,SVN,1,0,0,2013,68.8,-6.9
Slovenia,349,SVN,1,0,0,2014,71.7,-4.3
Slovenia,349,SVN,1,0,0,2015,73.7,-4.1
Slovenia,349,SVN,1,0,0,2016,75,-3.8
Slovenia,349,SVN,1,0,0,2017,75.8,-3.3
Slovenia,349,SVN,1,0,0,2018,76.2,-2.9
South Africa,560,ZAF,0,1,0,2006,32.6,1.2
South Africa,560,ZAF,0,1,0,2007,28.3,1.4
South Africa,560,ZAF,0,1,0,2008,27.8,-0.4
South Africa,560,ZAF,0,1,0,2009,31.3,-5.5
South Africa,560,ZAF,0,1,0,2010,35.8,-5.1
South Africa,560,ZAF,0,1,0,2011,39.6,-4
South Africa,560,ZAF,0,1,0,2012,42.3,-4.8
South Africa,560,ZAF,0,1,0,2013,42.7,-4.8
South Africa,560,ZAF,0,1,0,2014,43.7,-4.2
South Africa,560,ZAF,0,1,0,2015,44.4,-3.4
South Africa,560,ZAF,0,1,0,2016,44.7,-3.3
South Africa,560,ZAF,0,1,0,2017,44.8,-3.2
South Africa,560,ZAF,0,1,0,2018,44.8,-3.1
Spain,230,ESP,1,0,0,2006,39.7,2.4
Spain,230,ESP,1,0,0,2007,36.3,1.9
Spain,230,ESP,1,0,0,2008,40.2,-4.5
Spain,230,ESP,1,0,0,2009,53.9,-11.2
Spain,230,ESP,1,0,0,2010,61.3,-9.7
Spain,230,ESP,1,0,0,2011,69.1,-9.4
Spain,230,ESP,1,0,0,2012,84.1,-10.3
Spain,230,ESP,1,0,0,2013,91.8,-6.6
Spain,230,ESP,1,0,0,2014,97.6,-6.9
Spain,230,ESP,1,0,0,2015,101.6,-6.6
Spain,230,ESP,1,0,0,2016,105.1,-6.2
Spain,230,ESP,1,0,0,2017,108,-5.9
Spain,230,ESP,1,0,0,2018,110.6,-5.6
Sudan,625,SDN,0,0,1,2006,75,-1.4
Sudan,625,SDN,0,0,1,2007,70.7,-3.5
Sudan,625,SDN,0,0,1,2008,68.8,0.6
Sudan,625,SDN,0,0,1,2009,71.8,-5.1
Sudan,625,SDN,0,0,1,2010,73.1,0.3
Sudan,625,SDN,0,0,1,2011,71,0.2
Sudan,625,SDN,0,0,1,2012,97.6,-5
Sudan,625,SDN,0,0,1,2013,102.9,-4
Sudan,625,SDN,0,0,1,2014,87.2,-3.7
Sudan,625,SDN,0,0,1,2015,76.8,-2.8
Sudan,625,SDN,0,0,1,2016,69.9,-2.1
Sudan,625,SDN,0,0,1,2017,65.1,-1.6
Sudan,625,SDN,0,0,1,2018,63.5,-1.2
Sweden,380,SWE,1,0,0,2006,45.2,2.2
Sweden,380,SWE,1,0,0,2007,40.1,3.6
Sweden,380,SWE,1,0,0,2008,38.8,2.2
Sweden,380,SWE,1,0,0,2009,42.5,-1
Sweden,380,SWE,1,0,0,2010,39.4,-0.1
Sweden,380,SWE,1,0,0,2011,38.3,0.1
Sweden,380,SWE,1,0,0,2012,38,-0.4
Sweden,380,SWE,1,0,0,2013,37.7,-0.8
Sweden,380,SWE,1,0,0,2014,36.5,-0.5
Sweden,380,SWE,1,0,0,2015,33.7,1.2
Sweden,380,SWE,1,0,0,2016,30.3,1.8
Sweden,380,SWE,1,0,0,2017,27,1.8
Sweden,380,SWE,1,0,0,2018,23.9,1.8
Switzerland,225,CHE,1,0,0,2006,62.4,0.9
Switzerland,225,CHE,1,0,0,2007,55.6,1.3
Switzerland,225,CHE,1,0,0,2008,50.5,1.8
Switzerland,225,CHE,1,0,0,2009,49.8,0.5
Switzerland,225,CHE,1,0,0,2010,48.8,0.2
Switzerland,225,CHE,1,0,0,2011,49,0.3
Switzerland,225,CHE,1,0,0,2012,49.1,0.3
Switzerland,225,CHE,1,0,0,2013,48.3,0.2
Switzerland,225,CHE,1,0,0,2014,46.7,0.5
Switzerland,225,CHE,1,0,0,2015,45.7,0.7
Switzerland,225,CHE,1,0,0,2016,45.4,0.9
Switzerland,225,CHE,1,0,0,2017,45,0.9
Switzerland,225,CHE,1,0,0,2018,44.6,0.9
Tanzania,510,TZA,0,0,1,2006,42.6,-4.5
Tanzania,510,TZA,0,0,1,2007,28.4,-1.9
Tanzania,510,TZA,0,0,1,2008,29.2,-2.6
Tanzania,510,TZA,0,0,1,2009,32.6,-6
Tanzania,510,TZA,0,0,1,2010,37.7,-6.5
Tanzania,510,TZA,0,0,1,2011,40,-5
Tanzania,510,TZA,0,0,1,2012,41.4,-5
Tanzania,510,TZA,0,0,1,2013,44.9,-5.3
Tanzania,510,TZA,0,0,1,2014,46.4,-4.5
Tanzania,510,TZA,0,0,1,2015,47,-3.8
Tanzania,510,TZA,0,0,1,2016,47,-3.2
Tanzania,510,TZA,0,0,1,2017,46.7,-2.9
Tanzania,510,TZA,0,0,1,2018,46.6,-2.8
Thailand,800,THA,0,1,0,2006,42,2.2
Thailand,800,THA,0,1,0,2007,38.3,0.2
Thailand,800,THA,0,1,0,2008,37.3,0.1
Thailand,800,THA,0,1,0,2009,45.2,-3.2
Thailand,800,THA,0,1,0,2010,42.6,-0.8
Thailand,800,THA,0,1,0,2011,41.7,-0.7
Thailand,800,THA,0,1,0,2012,44.3,-1.7
Thailand,800,THA,0,1,0,2013,45.9,-2.7
Thailand,800,THA,0,1,0,2014,48.2,-3.4
Thailand,800,THA,0,1,0,2015,49.5,-1.9
Thailand,800,THA,0,1,0,2016,50.6,-1.9
Thailand,800,THA,0,1,0,2017,51.5,-1.9
Thailand,800,THA,0,1,0,2018,52.3,-1.8
Turkey,640,TUR,0,1,0,2006,46.5,0
Turkey,640,TUR,0,1,0,2007,39.9,-1.7
Turkey,640,TUR,0,1,0,2008,40,-2.3
Turkey,640,TUR,0,1,0,2009,46.1,-5.6
Turkey,640,TUR,0,1,0,2010,42.4,-2.3
Turkey,640,TUR,0,1,0,2011,39.2,-0.4
Turkey,640,TUR,0,1,0,2012,36.4,-1.5
Turkey,640,TUR,0,1,0,2013,35.5,-2.2
Turkey,640,TUR,0,1,0,2014,35.4,-2.3
Turkey,640,TUR,0,1,0,2015,35.1,-2.3
Turkey,640,TUR,0,1,0,2016,34.8,-2.3
Turkey,640,TUR,0,1,0,2017,34.5,-2.2
Turkey,640,TUR,0,1,0,2018,33.4,-2.1
Uganda,500,UGA,0,0,1,2006,72.5,-0.7
Uganda,500,UGA,0,0,1,2007,23.6,-1.1
Uganda,500,UGA,0,0,1,2008,22.1,-2.8
Uganda,500,UGA,0,0,1,2009,22.2,-2.4
Uganda,500,UGA,0,0,1,2010,27,-6.7
Uganda,500,UGA,0,0,1,2011,32.2,-3.2
Uganda,500,UGA,0,0,1,2012,34.5,-3.6
Uganda,500,UGA,0,0,1,2013,37.6,-3.1
Uganda,500,UGA,0,0,1,2014,40.6,-4.8
Uganda,500,UGA,0,0,1,2015,42.2,-4.2
Uganda,500,UGA,0,0,1,2016,43.2,-3.5
Uganda,500,UGA,0,0,1,2017,42.6,-2.7
Uganda,500,UGA,0,0,1,2018,41.3,-2.7
Ukraine,369,UKR,0,1,0,2006,14.8,-1.4
Ukraine,369,UKR,0,1,0,2007,12.3,-2
Ukraine,369,UKR,0,1,0,2008,20.5,-3.2
Ukraine,369,UKR,0,1,0,2009,35.4,-6.3
Ukraine,369,UKR,0,1,0,2010,40.5,-5.8
Ukraine,369,UKR,0,1,0,2011,36.8,-2.8
Ukraine,369,UKR,0,1,0,2012,37.4,-4.6
Ukraine,369,UKR,0,1,0,2013,42.2,-4.5
Ukraine,369,UKR,0,1,0,2014,43.6,-5.4
Ukraine,369,UKR,0,1,0,2015,43.4,-4.2
Ukraine,369,UKR,0,1,0,2016,42.9,-3.5
Ukraine,369,UKR,0,1,0,2017,42.1,-3.4
Ukraine,369,UKR,0,1,0,2018,41.7,-3.4
United Kingdom,200,GBR,1,0,0,2006,43,-2.7
United Kingdom,200,GBR,1,0,0,2007,43.7,-2.9
United Kingdom,200,GBR,1,0,0,2008,52.2,-5.1
United Kingdom,200,GBR,1,0,0,2009,68.1,-11.4
United Kingdom,200,GBR,1,0,0,2010,79.4,-10.1
United Kingdom,200,GBR,1,0,0,2011,85.4,-7.9
United Kingdom,200,GBR,1,0,0,2012,90.3,-8.3
United Kingdom,200,GBR,1,0,0,2013,93.6,-7
United Kingdom,200,GBR,1,0,0,2014,97.1,-6.4
United Kingdom,200,GBR,1,0,0,2015,99.7,-5.6
United Kingdom,200,GBR,1,0,0,2016,100.7,-4.2
United Kingdom,200,GBR,1,0,0,2017,100.2,-3
United Kingdom,200,GBR,1,0,0,2018,98.2,-2.6
United States,2,USA,1,0,0,2006,66.1,-2
United States,2,USA,1,0,0,2007,66.5,-2.7
United States,2,USA,1,0,0,2008,75.5,-6.7
United States,2,USA,1,0,0,2009,89.1,-13.3
United States,2,USA,1,0,0,2010,98.2,-11.1
United States,2,USA,1,0,0,2011,102.5,-10
United States,2,USA,1,0,0,2012,106.5,-8.5
United States,2,USA,1,0,0,2013,108.1,-6.5
United States,2,USA,1,0,0,2014,109.2,-5.4
United States,2,USA,1,0,0,2015,108.4,-4.1
United States,2,USA,1,0,0,2016,107.5,-4.1
United States,2,USA,1,0,0,2017,106.9,-4.2
United States,2,USA,1,0,0,2018,106.7,-4.2
Uzbekistan,704,UZB,0,0,1,2006,21.3,5.4
Uzbekistan,704,UZB,0,0,1,2007,15.8,5.2
Uzbekistan,704,UZB,0,0,1,2008,12.7,10.2
Uzbekistan,704,UZB,0,0,1,2009,11,2.8
Uzbekistan,704,UZB,0,0,1,2010,10,4.9
Uzbekistan,704,UZB,0,0,1,2011,9.1,8.8
Uzbekistan,704,UZB,0,0,1,2012,8.6,4.7
Uzbekistan,704,UZB,0,0,1,2013,8.5,1.8
Uzbekistan,704,UZB,0,0,1,2014,8.6,2.7
Uzbekistan,704,UZB,0,0,1,2015,8.8,2.3
Uzbekistan,704,UZB,0,0,1,2016,8.9,2.1
Uzbekistan,704,UZB,0,0,1,2017,9.2,2
Uzbekistan,704,UZB,0,0,1,2018,9.4,1.9
Vietnam,817,VNM,0,0,1,2006,41.8,0.3
Vietnam,817,VNM,0,0,1,2007,44.6,-2.2
Vietnam,817,VNM,0,0,1,2008,42.9,-0.5
Vietnam,817,VNM,0,0,1,2009,51.2,-7.2
Vietnam,817,VNM,0,0,1,2010,54,-3.1
Vietnam,817,VNM,0,0,1,2011,50.8,-3.2
Vietnam,817,VNM,0,0,1,2012,52.1,-5.2
Vietnam,817,VNM,0,0,1,2013,50.9,-4
Vietnam,817,VNM,0,0,1,2014,50.8,-4
Vietnam,817,VNM,0,0,1,2015,50.4,-2.9
Vietnam,817,VNM,0,0,1,2016,48.9,-2.7
Vietnam,817,VNM,0,0,1,2017,47.5,-2.5
Vietnam,817,VNM,0,0,1,2018,45.9,-2.2
Yemen,679,YEM,0,0,1,2006,40.8,1.2
Yemen,679,YEM,0,0,1,2007,40.4,-7.2
Yemen,679,YEM,0,0,1,2008,36.4,-4.5
Yemen,679,YEM,0,0,1,2009,49.9,-10.2
Yemen,679,YEM,0,0,1,2010,40.9,-4
Yemen,679,YEM,0,0,1,2011,43.2,-4.3
Yemen,679,YEM,0,0,1,2012,46.7,-5.5
Yemen,679,YEM,0,0,1,2013,48.5,-5.8
Yemen,679,YEM,0,0,1,2014,48.7,-3.7
Yemen,679,YEM,0,0,1,2015,49.5,-5.1
Yemen,679,YEM,0,0,1,2016,50.4,-5.1
Yemen,679,YEM,0,0,1,2017,50,-4.1
Yemen,679,YEM,0,0,1,2018,49.2,-3.9
Zambia,551,ZMB,0,0,1,2006,29.8,20.2
Zambia,551,ZMB,0,0,1,2007,26.7,-1.3
Zambia,551,ZMB,0,0,1,2008,23.5,-0.8
Zambia,551,ZMB,0,0,1,2009,26.9,-2.5
Zambia,551,ZMB,0,0,1,2010,25.8,-3
Zambia,551,ZMB,0,0,1,2011,25.1,-2.2
Zambia,551,ZMB,0,0,1,2012,26.9,-4.5
Zambia,551,ZMB,0,0,1,2013,28.7,-4.6
Zambia,551,ZMB,0,0,1,2014,29.7,-3.4
Zambia,551,ZMB,0,0,1,2015,31.1,-3.8
Zambia,551,ZMB,0,0,1,2016,33.3,-4.9
Zambia,551,ZMB,0,0,1,2017,35.4,-4.9
Zambia,551,ZMB,0,0,1,2018,36.9,-4.4